seed_incident_id,split,year
1217924240229,train,2008
1217924314443,train,2008
1218521128326,train,2008
1218521134337,train,2008
1218521322780,train,2008
1218522237935,train,2008
1218522238611,train,2008
1218523356387,train,2008
1218523636433,train,2008
1218523681568,train,2008
1218523682265,train,2008
1218523683188,train,2008
1220262414994,train,2008
1220262769817,train,2008
1220526783767,train,2008
1220526788507,train,2008
1220526884061,train,2008
1220527318161,train,2008
1220527329024,train,2008
1220527514213,train,2008
1220528639435,train,2008
1220529167463,train,2008
1221824631363,train,2008
1222160706367,train,2008
1222160906639,train,2008
1222669992110,train,2008
1223038406360,train,2008
1223038438054,train,2008
1223038464675,train,2008
1223288039466,train,2008
1223288300184,train,2008
1223288304835,train,2008
1223605440838,train,2008
1224057933227,train,2008
1224057934692,train,2008
1224058295007,train,2008
1225373360458,train,2008
1225373517506,train,2008
1226326635755,train,2008
1227165178880,train,2008
1227165431165,train,2008
1227429034930,train,2008
1227429466485,train,2008
1227429471080,train,2008
1227773067674,train,2008
1227856630396,train,2008
1227856659036,train,2008
1227856660530,train,2008
1227856663280,train,2008
1228178713742,train,2008
1228179040068,train,2008
1228179342590,train,2008
1228179670869,train,2008
1228179985804,train,2008
1228180006005,train,2008
1228180011252,train,2008
1228180237912,train,2008
1228831549838,train,2008
1228832089347,train,2008
1229075289117,train,2008
1229075306608,train,2008
1229075307756,train,2008
1229075659269,train,2008
1229076692894,train,2008
1229076969342,train,2008
1229077213159,train,2008
1229077240791,train,2008
1229077353701,train,2008
1229077546381,train,2008
1229077561806,train,2008
1229077564540,train,2008
1229077583190,train,2008
1229078153991,train,2008
1229078299389,train,2008
1230026180655,train,2008
1230026252443,train,2008
1230026294107,train,2008
1230026295742,train,2008
1230026297907,train,2008
1230026298609,train,2008
1230026330087,train,2008
1230026544105,train,2008
1230026546090,train,2008
1230026558655,train,2008
1230026590184,train,2008
1230026892775,train,2008
1230027408809,train,2009
1230027441166,train,2009
1230979843863,train,2009
1230980011239,train,2009
1230980091853,train,2009
1230980341219,train,2009
1230980357536,train,2009
1230980443356,train,2009
1230980810897,train,2009
1230981635837,train,2009
1230981714400,train,2009
1230981860600,train,2009
1230981867380,train,2009
1230981891474,train,2009
1230981903999,train,2009
1230982047862,train,2009
1230982240317,train,2009
1230982874537,train,2009
1230982963659,train,2009
1230983864769,train,2009
1230983878851,train,2009
1230983895151,train,2009
1230984233578,train,2009
1230984558271,train,2009
1230984801734,train,2009
1230985085280,train,2009
1230985145954,train,2009
1232705551968,train,2009
1232705553605,train,2009
1232705571886,train,2009
1232705573175,train,2009
1232942707767,train,2009
1232943052308,train,2009
1233323226416,train,2009
1233323256370,train,2009
1233323265007,train,2009
1233323267946,train,2009
1233323316347,train,2009
1233323334812,train,2009
1233323550583,train,2009
1233323850312,train,2009
1233323852018,train,2009
1233324796186,train,2009
1233324998927,train,2009
1233325026653,train,2009
1233325038930,train,2009
1233325041964,train,2009
1233325052313,train,2009
1233325054860,train,2009
1233325072756,train,2009
1233325073780,train,2009
1233325078071,train,2009
1233325089608,train,2009
1233325293745,train,2009
1234256047189,train,2009
1234257062199,train,2009
1234257068746,train,2009
1234257300372,train,2009
1234257321241,train,2009
1234257644295,train,2009
1234257651127,train,2009
1234878090300,train,2009
1234878354711,train,2009
1234878478341,train,2009
1235115598169,train,2009
1235115841651,train,2009
1235352765157,train,2009
1235462659415,train,2009
1235463420805,train,2009
1235463724249,train,2009
1235463739450,train,2009
1235463756667,train,2009
1235463793773,train,2009
1235464786369,train,2009
1235464792278,train,2009
1235465168681,train,2009
1235465572915,train,2009
1236755473669,train,2009
1236756085473,train,2009
1236756561935,train,2009
1236879067378,train,2009
1236879080534,train,2009
1237206536011,train,2009
1237206856726,train,2009
1237207177792,train,2009
1237540291173,train,2009
1237540288855,train,2009
1237540307050,train,2009
1237540682631,train,2009
1237541490228,train,2009
1237541494522,train,2009
1237541920903,train,2009
1237541940438,train,2009
1238497829473,train,2009
1238498398868,train,2009
1238498510016,train,2009
1239106258133,train,2009
1239106276415,train,2009
1239106524693,train,2009
1239106531261,train,2009
1239106541282,train,2009
1239106559304,train,2009
1239106568780,train,2009
1239607547861,train,2009
1240837696018,train,2009
1240837704201,train,2009
1240837901796,train,2009
1241070378844,train,2009
1241070793837,train,2009
1241070863971,train,2009
1241070882835,train,2009
1241070895390,train,2009
1241430228563,train,2009
1241430847874,train,2009
1241430930577,train,2009
1241431099963,train,2009
1241431342826,train,2009
1241431360512,train,2009
1241431594407,train,2009
1241432263986,train,2009
1241432292576,train,2009
1241432292997,train,2009
1241432338416,train,2009
1242713749889,train,2009
1242714112480,train,2009
1242898135346,train,2009
1242898147200,train,2009
1242898149427,train,2009
1242898162453,train,2009
1242898172792,train,2009
1243407221076,train,2009
1243497311262,train,2009
1243598397774,train,2009
1243598501589,train,2009
1243598774773,train,2009
1243599247693,train,2009
1243599726468,train,2009
1243599742099,train,2009
1244182009991,train,2009
1244193873175,train,2009
1244451958968,train,2009
1244452033629,train,2009
1244615199791,train,2009
1244615675753,train,2009
1244615676906,train,2009
1244615692626,train,2009
1244616138359,train,2009
1244616256859,train,2009
1245330319396,train,2009
1245330462235,train,2009
1245330555583,train,2009
1245664920066,train,2009
1245665453337,train,2009
1245952187925,train,2009
1246111321845,train,2009
1246111448794,train,2009
1246111545862,train,2009
1246464734635,train,2009
1246464824366,train,2009
1246465021888,train,2009
1246465034191,train,2009
1246465056619,train,2009
1246465060303,train,2009
1246465180940,train,2009
1246465225621,train,2009
1246988905412,train,2009
1246989512560,train,2009
1246989517413,train,2009
1246989523713,train,2009
1246989526088,train,2009
1246989536087,train,2009
1246989911227,train,2009
1246989956417,train,2009
1246990666659,train,2009
1246991121956,train,2009
1246991880132,train,2009
1246992699314,train,2009
1246992926876,train,2009
1246993140583,train,2009
1248366875390,train,2009
1248366880111,train,2009
1248367088344,train,2009
1248367092154,train,2009
1248678217306,train,2009
1248678271897,train,2009
1248678683070,train,2009
1249111580134,train,2009
1249127187066,train,2009
1249127232397,train,2009
1249241157334,train,2009
1249241160647,train,2009
1249241444743,train,2009
1249241802712,train,2009
1249241874277,train,2009
1249242004938,train,2009
1249242005932,train,2009
1249242009134,train,2009
1249242024277,train,2009
1249971478102,train,2009
1249971484349,train,2009
1252046887717,train,2009
1250076188443,train,2009
1250169503998,train,2009
1250169588322,train,2009
1250169834290,train,2009
1250169858286,train,2009
1250169874553,train,2009
1250169882966,train,2009
1250169889786,train,2009
1250170375008,train,2009
1250170658781,train,2009
1251094628232,train,2009
1251181163529,train,2009
1251181417118,train,2009
1251181435089,train,2009
1251181591808,train,2009
1251181611368,train,2009
1251181630011,train,2009
1251182142190,train,2009
1251182829125,train,2009
1251182914211,train,2009
1252045458564,train,2009
1252045478654,train,2009
1252045483008,train,2009
1252045818769,train,2009
1252045841630,train,2009
1252045881802,train,2009
1252045883458,train,2009
1252046872311,train,2009
1252046894894,train,2009
1253192711579,train,2009
1253192881687,train,2009
1253192933896,train,2009
1253613034181,train,2009
1253613542076,train,2009
1253613608998,train,2009
1253860917179,train,2009
1253860957995,train,2009
1253861300567,train,2009
1253861404228,train,2009
1254560902364,train,2009
1254561049310,train,2009
1254561069880,train,2009
1254917929519,train,2009
1254918601612,train,2009
1254918629829,train,2009
1254918665334,train,2009
1255449431652,train,2009
1255643237524,train,2009
1255643238745,train,2009
1255643246334,train,2009
1255643306484,train,2009
1255643540194,train,2009
1255643548307,train,2009
1255643840422,train,2009
1255643844551,train,2009
1255644153350,train,2009
1255644500957,train,2009
1255644515814,train,2009
1255644518011,train,2009
1255644518907,train,2009
1255644701359,train,2009
1255644780139,train,2009
1255645909948,train,2009
1256986928466,train,2009
1256986933109,train,2009
1257029095130,train,2009
1257029128617,train,2009
1257029317085,train,2009
1257029802784,train,2009
1257029833410,train,2009
1257030291011,train,2009
1257515965411,train,2009
1257803972516,train,2009
1258120479064,train,2009
1258120501263,train,2009
1258120528001,train,2009
1258120846618,train,2009
1258121135386,train,2009
1258121660478,train,2009
1258121918497,train,2009
1258121989109,train,2009
1258122227389,train,2009
1259063753812,train,2009
1259063819562,train,2009
1259064306354,train,2009
1259064918072,train,2009
1259394619083,train,2009
1259394695855,train,2009
1259394932367,train,2009
1259395182920,train,2009
1259395781675,train,2009
1259395983823,train,2009
1259395994651,train,2009
1259396248281,train,2009
1259396249456,train,2009
1260365471001,train,2009
1260366239866,train,2009
1260366247461,train,2009
1260366257196,train,2009
1260366266503,train,2009
1260366519922,train,2009
1260887275488,train,2009
1261039194433,train,2009
1261039495634,train,2009
1261039574003,train,2009
1261039843673,train,2009
1261039987702,train,2009
1261040318212,train,2009
1261040428594,train,2009
1261040499002,train,2009
1261040524988,train,2009
1261040527919,train,2009
1232943146229,train,2009
1261040836174,train,2009
1261041055209,train,2009
1261041152133,train,2010
1261041275223,train,2010
1261041399803,train,2010
1261041407382,train,2010
1261041642259,train,2010
1261041696263,train,2010
1261041721151,train,2010
1261041851724,train,2010
1261041869124,train,2010
1261041869563,train,2010
1262860346276,train,2010
1262860347982,train,2010
1262860612228,train,2010
1262860623038,train,2010
1262860632267,train,2010
1262860911926,train,2010
1262860929487,train,2010
1262861277427,train,2010
1262861373204,train,2010
1262861408711,train,2010
1262861860954,train,2010
1262861888053,train,2010
1262862127883,train,2010
1262862149982,train,2010
1262862288069,train,2010
1263825486215,train,2010
1263825511225,train,2010
1264078879623,train,2010
1264142203135,train,2010
1264142246136,train,2010
1264142516302,train,2010
1264142518522,train,2010
1264513809022,train,2010
1264671789876,train,2010
1264672022594,train,2010
1264672050056,train,2010
1264672060257,train,2010
1265032481550,train,2010
1265032484709,train,2010
1265096330718,train,2010
1265096386597,train,2010
1265096773291,train,2010
1265097093969,train,2010
1265377428448,train,2010
1265377450797,train,2010
1265626108490,train,2010
1265894376402,train,2010
1265894584986,train,2010
1265894619421,train,2010
1265894622776,train,2010
1265894792722,train,2010
1265895043180,train,2010
1265895131720,train,2010
1266397091302,train,2010
1266563354617,train,2010
1266563531413,train,2010
1266563532364,train,2010
1266563550265,train,2010
1266563835654,train,2010
1266564020878,train,2010
1267093045895,train,2010
1267185116885,train,2010
1267295016255,train,2010
1267295726699,train,2010
1267709952061,train,2010
1267709976618,train,2010
1267709983479,train,2010
1267709990011,train,2010
1267710114502,train,2010
1267710640296,train,2010
1267710889840,train,2010
1268394465458,train,2010
1268394871036,train,2010
1268395212637,train,2010
1268897006937,train,2010
1268897011366,train,2010
1268897012858,train,2010
1268897019371,train,2010
1268897039799,train,2010
1268897040682,train,2010
1269340864341,train,2010
1269340888575,train,2010
1269341057353,train,2010
1269527236772,train,2010
1269527256115,train,2010
1269527279828,train,2010
1269611224872,train,2010
1269951657874,train,2010
1270037449420,train,2010
1270037450652,train,2010
1270037471149,train,2010
1270037473724,train,2010
1270037485692,train,2010
1270037490153,train,2010
1270037491060,train,2010
1270553790106,train,2010
1270554027100,train,2010
1270554164931,train,2010
1270554237466,train,2010
1270554300817,train,2010
1270554443646,train,2010
1270554450261,train,2010
1270554633481,train,2010
1270555017975,train,2010
1270555025783,train,2010
1270555473996,train,2010
1270555642131,train,2010
1270555647631,train,2010
1271747655474,train,2010
1271838260052,train,2010
1271838261247,train,2010
1271838536300,train,2010
1271838616226,train,2010
1272284968243,train,2010
1272285050748,train,2010
1272286027265,train,2010
1272286478048,train,2010
1272896322893,train,2010
1272896388822,train,2010
1272896716115,train,2010
1272896833669,train,2010
1272897058887,train,2010
1272897156062,train,2010
1272897244065,train,2010
1273562629185,train,2010
1273562792786,train,2010
1273562850894,train,2010
1273563046605,train,2010
1273563047711,train,2010
1273563048988,train,2010
1273563159096,train,2010
1273563334300,train,2010
1273563732392,train,2010
1274421884509,train,2010
1274432790892,train,2010
1274432799354,train,2010
1274784464065,train,2010
1274785000481,train,2010
1274785281130,train,2010
1274785345177,train,2010
1274785617140,train,2010
1275395269157,train,2010
1275553404206,train,2010
1275553472632,train,2010
1275553742418,train,2010
1276063471801,train,2010
1276064084892,train,2010
1276064094834,train,2010
1276064097362,train,2010
1276514710112,train,2010
1276514765206,train,2010
1276515197165,train,2010
1276515699006,train,2010
1276515895983,train,2010
1276515897447,train,2010
1276515912724,train,2010
1277227928850,train,2010
1277228333088,train,2010
1277228338518,train,2010
1277466672607,train,2010
1277466673976,train,2010
1277466688694,train,2010
1277466851818,train,2010
1277466915834,train,2010
1277466926973,train,2010
1277467170712,train,2010
1277467259816,train,2010
1277467377386,train,2010
1277971213616,train,2010
1277998897265,train,2010
1277999023561,train,2010
1277999032080,train,2010
1277999084455,train,2010
1278000075213,train,2010
1278674087618,train,2010
1278674544659,train,2010
1278674580916,train,2010
1278674702694,train,2010
1278674706185,train,2010
1278674995327,train,2010
1279108690931,train,2010
1279183213663,train,2010
1279183717273,train,2010
1279183786347,train,2010
1279530181154,train,2010
1279530448498,train,2010
1279643085448,train,2010
1279788340761,train,2010
1279887190192,train,2010
1279887542362,train,2010
1280387307489,train,2010
1280387471462,train,2010
1280387476099,train,2010
1280387484145,train,2010
1280387488682,train,2010
1280831771406,train,2010
1280832030609,train,2010
1281175071968,train,2010
1281175075139,train,2010
1281175079656,train,2010
1281175357460,train,2010
1281175695609,train,2010
1281175782289,train,2010
1281175844765,train,2010
1281175970591,train,2010
1281175990533,train,2010
1281176117255,train,2010
1281176337868,train,2010
1281176462068,train,2010
1281176468357,train,2010
1281176470066,train,2010
1281176502945,train,2010
1281176747929,train,2010
1281176896460,train,2010
1281176904867,train,2010
1281176991875,train,2010
1283000110018,train,2010
1283259055728,train,2010
1283259166280,train,2010
1283259400287,train,2010
1283447989871,train,2010
1283512758020,train,2010
1283766264715,train,2010
1283766455778,train,2010
1283766535214,train,2010
1284136404512,train,2010
1284136727296,train,2010
1284136734594,train,2010
1284137533154,train,2010
1284137737249,train,2010
1284137739935,train,2010
1284138480378,train,2010
1284139199669,train,2010
1284139539540,train,2010
1284140106927,train,2010
1284140445903,train,2010
1284141360009,train,2010
1284141760134,train,2010
1284141939455,train,2010
1284141943203,train,2010
1284142063866,train,2010
1284142524932,train,2010
1284142689064,train,2010
1284142900522,train,2010
1284143081892,train,2010
1284143310088,train,2010
1284143723892,train,2010
1284144071933,train,2010
1284144190959,train,2010
1284144715181,train,2010
1284145732278,train,2010
1284146113265,train,2010
1284146362066,train,2010
1284146450232,train,2010
1284146557737,train,2010
1284146612354,train,2010
1284147508399,train,2010
1284147705630,train,2010
1284148015792,train,2010
1284148018232,train,2010
1284148176038,train,2010
1284148501583,train,2010
1284148938445,train,2010
1284148945300,train,2010
1284149181713,train,2010
1284149425156,train,2010
1284149571001,train,2010
1284149957644,train,2010
1284150092455,train,2010
1284150357444,train,2010
1284150551386,train,2010
1284150554025,train,2010
1284150930252,train,2010
1284151079582,train,2010
1284151379551,train,2010
1284151380785,train,2010
1284151389430,train,2010
1284151403106,train,2010
1284151578340,train,2010
1284151753143,train,2010
1284152107006,train,2010
1284152163082,train,2010
1284152340954,train,2010
1284152520981,train,2010
1284152776271,train,2010
1284152962934,train,2010
1284152979977,train,2010
1284152997841,train,2011
1284153003850,train,2011
1284153005070,train,2011
1284153346298,train,2011
1284153638944,train,2011
1284153643856,train,2011
1284153812624,train,2011
1284154157618,train,2011
1284154487206,train,2011
1284154490226,train,2011
1284154490637,train,2011
1284154492114,train,2011
1284154830519,train,2011
1284155382799,train,2011
1284155392576,train,2011
1284155893727,train,2011
1284156201508,train,2011
1284156368949,train,2011
1284156375892,train,2011
1284156520477,train,2011
1284156524187,train,2011
1284156529490,train,2011
1284156793866,train,2011
1284157076830,train,2011
1284157440551,train,2011
1284159003105,train,2011
1284159023329,train,2011
1284159436880,train,2011
1284159639025,train,2011
1284160490273,train,2011
1284160642996,train,2011
1284160645198,train,2011
1284160655768,train,2011
1284160858255,train,2011
1284161000098,train,2011
1284161420410,train,2011
1284161516035,train,2011
1284161721888,train,2011
1284161724463,train,2011
1284161891374,train,2011
1284162826397,train,2011
1284163286276,train,2011
1284163726683,train,2011
1284163906906,train,2011
1284163936779,train,2011
1284164195057,train,2011
1284165325425,train,2011
1284165945598,train,2011
1284165978737,train,2011
1284166357005,train,2011
1284166596701,train,2011
1284166599234,train,2011
1284167141524,train,2011
1284167146911,train,2011
1284167735334,train,2011
1284167740092,train,2011
1284168631164,train,2011
1284183383563,train,2011
1284168668447,train,2011
1284168673529,train,2011
1284168918356,train,2011
1284169869222,train,2011
1284169890337,train,2011
1284169896977,train,2011
1284170297988,train,2011
1284170499466,train,2011
1284170501985,train,2011
1284170504827,train,2011
1284171638335,train,2011
1284171995190,train,2011
1284172401514,train,2011
1284172806217,train,2011
1284173195976,train,2011
1284173593975,train,2011
1284173599554,train,2011
1284173601693,train,2011
1284174160998,train,2011
1284174341706,train,2011
1284174387852,train,2011
1284174717969,train,2011
1284174782931,train,2011
1284174791292,train,2011
1284174794047,train,2011
1284175076687,train,2011
1284175837356,train,2011
1284176946286,train,2011
1284176949225,train,2011
1284176949913,train,2011
1284177108443,train,2011
1284177109064,train,2011
1284177116693,train,2011
1284178337706,train,2011
1284183382365,train,2011
1284179441989,train,2011
1284179751825,train,2011
1284179753732,train,2011
1284179824556,train,2011
1284179842143,train,2011
1284180100958,train,2011
1284180511256,train,2011
1284180522495,train,2011
1284180641985,train,2011
1284180725344,train,2011
1284180910206,train,2011
1284180928306,train,2011
1284181123010,train,2011
1284181451101,train,2011
1284181775231,train,2011
1284181778770,train,2011
1284182271444,train,2011
1284182654097,train,2011
1284182670379,train,2011
1284183048072,train,2011
1284183237958,train,2011
1284183528309,train,2011
1284183557370,train,2011
1284183558487,train,2011
1284183821826,train,2011
1284184197525,train,2011
1284184407774,train,2011
1284184683073,train,2011
1284185255079,train,2011
1284185270234,train,2011
1284185512660,train,2011
1284185565758,train,2011
1284185571254,train,2011
1284185578524,train,2011
1284185955828,train,2011
1284186031552,train,2011
1284186166141,train,2011
1284186173704,train,2011
1284186310877,train,2011
1284186412308,train,2011
1284186570949,train,2011
1284186580141,train,2011
1284186661336,train,2011
1284186663797,train,2011
1284186664882,train,2011
1284186763978,train,2011
1284187066338,train,2011
1284187439172,train,2011
1284187442875,train,2011
1284187444120,train,2011
1284187447225,train,2011
1284187449091,train,2011
1284187450725,train,2011
1284187452860,train,2011
1284187459335,train,2011
1284187465172,train,2011
1284187467150,train,2011
1284187496781,train,2011
1284187690825,train,2011
1284187699309,train,2011
1284187700412,train,2011
1284187933117,train,2011
1284187936527,train,2011
1284188103977,train,2011
1284188105537,train,2011
1284188194673,train,2011
1284188347890,train,2011
1284188402318,train,2011
1284188413899,train,2011
1284188485913,train,2011
1284188497642,train,2011
1284188710078,train,2011
1284188765048,train,2011
1284188771109,train,2011
1284188874682,train,2011
1284189088561,train,2011
1284189089053,train,2011
1284189090052,train,2011
1284189091516,train,2011
1284189326526,train,2011
1284189328229,train,2011
1284189329818,train,2011
1284189337176,train,2011
1284189457527,train,2011
1284189502588,train,2011
1284189968933,train,2011
1284190047731,train,2011
1284190225620,train,2011
1284190232400,train,2011
1284190233736,train,2011
1284190240380,train,2011
1284190325058,train,2011
1284190399081,train,2011
1284190524066,train,2011
1284190541131,train,2011
1284190683398,train,2011
1284190793171,train,2011
1284190797076,train,2011
1284190895786,train,2011
1284190900694,train,2011
1284190902903,train,2011
1284190971519,train,2011
1284191431026,train,2011
1284191735361,train,2011
1284192100766,train,2011
1284192278630,train,2011
1284192281005,train,2011
1284192323624,train,2011
1284192511451,train,2011
1284192680139,train,2011
1284192683229,train,2011
1284192855507,train,2011
1284193002602,train,2011
1284193009244,train,2011
1284193010145,train,2011
1284193020107,train,2011
1284193165224,train,2011
1284193299194,train,2011
1284193334060,train,2011
1284193335466,train,2011
1284193613304,train,2011
1284193620235,train,2011
1284193658785,train,2011
1284193970994,train,2011
1284193975286,train,2011
1284193992256,train,2011
1284194417985,train,2011
1284194429067,train,2011
1284194480892,train,2011
1284194505166,train,2011
1284194920090,train,2011
1284194924278,train,2011
1284194925118,train,2011
1284195420574,train,2011
1284195515551,train,2011
1284195633870,train,2011
1284195637388,train,2011
1284195642191,train,2011
1284195907178,train,2011
1284196052507,train,2011
1284196077710,train,2011
1284196183230,train,2011
1284196196583,train,2011
1284196270784,train,2011
1284196366798,train,2011
1284196376942,train,2011
1284196378589,train,2011
1284196449631,train,2011
1284196530479,train,2011
1284196533111,train,2011
1284196541951,train,2011
1284196699959,train,2011
1284196727304,train,2011
1284196812320,train,2011
1284196909598,train,2011
1284197037717,train,2011
1284197040802,train,2011
1284197042008,train,2011
1284197044993,train,2011
1284197283038,train,2011
1284197321044,train,2011
1284197443276,train,2011
1284197499906,train,2011
1284197508950,train,2011
1284197643795,train,2011
1284197678753,train,2011
1284197811659,train,2011
1284197929706,train,2011
1284197942007,train,2011
1284197945085,train,2011
1284197949031,train,2011
1284197950863,train,2011
1284197974548,train,2011
1284198048645,train,2011
1284198265193,train,2011
1284198378721,train,2011
1284198600758,train,2011
1284198606543,train,2011
1284198612206,train,2011
1284198614331,train,2011
1284198617171,train,2011
1284198621214,train,2011
1284198644424,train,2011
1284191938037,train,2011
1284198966276,train,2011
1284199181483,train,2011
1284199192520,train,2011
1284199196156,train,2011
1284199385070,train,2011
1284155887583,train,2011
1284199534115,train,2011
1284199539992,train,2011
1284199541808,train,2011
1284199545255,train,2011
1284199735005,train,2011
1284199743611,train,2011
1284199774347,train,2011
1284200098833,train,2011
1284200109717,train,2011
1284200206008,train,2011
1284200272366,train,2011
1284200341347,train,2011
1284200419939,train,2011
1284200435020,train,2011
1284200498654,train,2011
1284200572093,train,2011
1284200576327,train,2011
1284200669728,train,2011
1284200720476,train,2011
1284200749666,train,2011
1284200754680,train,2011
1284200756179,train,2011
1284200759296,train,2011
1284200850256,train,2011
1284200922097,train,2011
1284200960968,train,2011
1284201005434,train,2011
1284201129625,train,2011
1284201442230,train,2011
1284201452610,train,2011
1284201593702,train,2011
1284201597026,train,2011
1284201598375,train,2011
1284201601135,train,2011
1284201601635,train,2011
1284201602135,train,2011
1284201612519,train,2011
1284201871928,train,2011
1284202170580,train,2011
1284202184403,train,2011
1284202324219,train,2011
1284202336454,train,2011
1284202372167,train,2011
1284202447025,train,2011
1284202454109,train,2011
1284202455500,train,2011
1284202457071,train,2011
1284202458104,train,2011
1284202465471,train,2011
1284202467973,train,2011
1284202607215,train,2011
1284202734236,train,2011
1284202863760,train,2011
1284202879549,train,2011
1284202904264,train,2011
1284202897244,train,2011
1284203009190,train,2011
1284203019205,train,2011
1284203028469,train,2012
1284203032252,train,2012
1284203094691,train,2012
1284203134848,train,2012
1284203149246,train,2012
1284203270556,train,2012
1284203335135,train,2012
1284203528404,train,2012
1284203631704,train,2012
1284203738028,train,2012
1284203822252,train,2012
1284203830850,train,2012
1284203931081,train,2012
1284203932104,train,2012
1284204065310,train,2012
1284204230557,train,2012
1284204732272,train,2012
1284204770813,train,2012
1284204778713,train,2012
1284204781150,train,2012
1284204958242,train,2012
1284204963702,train,2012
1284205115365,train,2012
1284205444396,train,2012
1284205472186,train,2012
1284205689006,train,2012
1284205692397,train,2012
1284205707559,train,2012
1284205964560,train,2012
1284205971069,train,2012
1284205974467,train,2012
1284206135823,train,2012
1284206343108,train,2012
1284206375715,train,2012
1284206705438,train,2012
1284206884927,train,2012
1284207027618,train,2012
1284207030658,train,2012
1284207035375,train,2012
1284207371347,train,2012
1284207378146,train,2012
1284207382093,train,2012
1284207715167,train,2012
1284207716091,train,2012
1284207719057,train,2012
1284207725480,train,2012
1284207726383,train,2012
1284207740652,train,2012
1284207895128,train,2012
1284207901230,train,2012
1284207904300,train,2012
1284208062863,train,2012
1284208078900,train,2012
1284208338874,train,2012
1284208451371,train,2012
1284208453587,train,2012
1284208471146,train,2012
1284208472974,train,2012
1284208474364,train,2012
1284208482986,train,2012
1284208760868,train,2012
1284208814819,train,2012
1284209044823,train,2012
1284209234106,train,2012
1284209243825,train,2012
1284209413416,train,2012
1284209417049,train,2012
1284209419823,train,2012
1284209423764,train,2012
1284209426508,train,2012
1284209558468,train,2012
1284209588024,train,2012
1284209592351,train,2012
1284209725357,train,2012
1284209897737,train,2012
1284209903135,train,2012
1284210148868,train,2012
1284210149385,train,2012
1284210289055,train,2012
1284210296768,train,2012
1284210297607,train,2012
1284210298658,train,2012
1284210299909,train,2012
1284210404295,train,2012
1284210539928,train,2012
1284210542030,train,2012
1284210745120,train,2012
1284211053469,train,2012
1284211096744,train,2012
1284211229596,train,2012
1284211236850,train,2012
1284211241791,train,2012
1284211749546,train,2012
1284211904341,train,2012
1284212150460,train,2012
1284212207292,train,2012
1284212374894,train,2012
1284212375768,train,2012
1284212382746,train,2012
1284212383600,train,2012
1284212630260,train,2012
1284212631608,train,2012
1284212635990,train,2012
1284212688765,train,2012
1284212809112,train,2012
1284212978003,train,2012
1284213312031,train,2012
1284213313339,train,2012
1284213314582,train,2012
1284213316410,train,2012
1284213317789,train,2012
1284213318876,train,2012
1284213321285,train,2012
1284213328746,train,2012
1284213330170,train,2012
1284213565949,train,2012
1284214103841,train,2012
1284214113287,train,2012
1284214315852,train,2012
1284214318376,train,2012
1284214319763,train,2012
1284214331382,train,2012
1284214333983,train,2012
1284214377742,train,2012
1284214586203,train,2012
1284214593567,train,2012
1284214742093,train,2012
1284214963764,train,2012
1284214975421,train,2012
1284214971848,train,2012
1284215078663,train,2012
1284215231154,train,2012
1284215235424,train,2012
1284215242900,train,2012
1284215249885,train,2012
1284215409169,train,2012
1284215549077,train,2012
1284215723822,train,2012
1284215725303,train,2012
1284215727112,train,2012
1284215731770,train,2012
1284215734458,train,2012
1284215740578,train,2012
1284215744889,train,2012
1284215746578,train,2012
1284215747629,train,2012
1284215748916,train,2012
1284215877245,train,2012
1284216080541,train,2012
1284216237372,train,2012
1284216386844,train,2012
1284216493851,train,2012
1284216560564,train,2012
1284216565002,train,2012
1284216568739,train,2012
1284216572748,train,2012
1284216729943,train,2012
1284216775234,train,2012
1284216779689,train,2012
1284217227878,train,2012
1284217569726,train,2012
1284217723206,train,2012
1284217723617,train,2012
1284217726000,train,2012
1284217728587,train,2012
1284217734633,train,2012
1284217740439,train,2012
1284217745095,train,2012
1284217747064,train,2012
1284217938700,train,2012
1284218262019,train,2012
1284218263132,train,2012
1284218267203,train,2012
1284218290657,train,2012
1284218301534,train,2012
1284218458614,train,2012
1284218466977,train,2012
1284218470820,train,2012
1284218474141,train,2012
1284218477747,train,2012
1284218499324,train,2012
1284218526901,train,2012
1284218554899,train,2012
1284218625742,train,2012
1284218637413,train,2012
1284218641646,train,2012
1284218804961,train,2012
1284219037123,train,2012
1284219130494,train,2012
1284219132471,train,2012
1284219139349,train,2012
1284219141220,train,2012
1284219152405,train,2012
1284219408852,train,2012
1284219583116,train,2012
1284219762177,train,2012
1284219784944,train,2012
1284219893939,train,2012
1284219897929,train,2012
1284219941345,train,2012
1284220091130,train,2012
1284220097023,train,2012
1284220101871,train,2012
1284220108702,train,2012
1284220145669,train,2012
1284220223079,train,2012
1284220330749,train,2012
1284220594706,train,2012
1284220611129,train,2012
1284220629482,train,2012
1284220962020,train,2012
1284220968370,train,2012
1284220971925,train,2012
1284220973837,train,2012
1284221033600,train,2012
1284221184048,train,2012
1284221409798,train,2012
1284221829110,train,2012
1284221845484,train,2012
1284221951901,train,2012
1284222040970,train,2012
1284222173601,train,2012
1284222178974,train,2012
1284222185744,train,2012
1284222189800,train,2012
1284222190720,train,2012
1284222191312,train,2012
1284222193230,train,2012
1284222194771,train,2012
1284222231163,train,2012
1284222382421,train,2012
1284222631000,train,2012
1284222636277,train,2012
1284222802259,train,2012
1284222891310,train,2012
1284223053589,train,2012
1284223300796,train,2012
1284223304885,train,2012
1284223309186,train,2012
1284223312399,train,2012
1284223315899,train,2012
1284223316097,train,2012
1284223319077,train,2012
1284223529171,train,2012
1284223540056,train,2012
1284223898759,train,2012
1284224250404,train,2012
1284224262236,train,2012
1284224282676,train,2012
1284224441338,train,2012
1284224460206,train,2012
1284224476749,train,2012
1284224503849,train,2012
1284224506722,train,2012
1284224508096,train,2012
1284224937156,train,2012
1284224878500,train,2012
1284224915799,train,2012
1284225122096,train,2012
1284225468791,train,2012
1284225482585,train,2012
1284225491366,train,2012
1284225689090,train,2012
1284225962055,train,2012
1284226264497,train,2012
1284226408823,train,2012
1284226426370,train,2012
1284226426686,train,2012
1284226501753,train,2012
1284226552405,train,2012
1284226558814,train,2012
1284226961543,train,2012
1284226994341,train,2012
1284227197686,train,2012
1284227198302,train,2012
1284227259655,train,2012
1284227307510,train,2012
1284227308862,train,2012
1284227341469,train,2012
1284227342648,train,2012
1284227352655,train,2012
1284227356071,train,2012
1284227369660,train,2012
1284227448715,train,2012
1284227580884,train,2012
1284227583284,train,2012
1284227887276,train,2012
1284228029815,train,2012
1284228031124,train,2012
1284228044095,train,2012
1284228046648,train,2012
1284228049117,train,2012
1284228054593,train,2012
1284228125270,train,2012
1284228711310,train,2012
1284229167313,train,2012
1284229251606,train,2012
1284229318537,train,2012
1284229603023,train,2012
1284229609344,train,2012
1284229637428,train,2012
1284229732091,train,2012
1284229824557,train,2012
1284229846547,train,2012
1284229847291,train,2012
1284229983958,train,2012
1284230161229,train,2012
1284230163139,train,2012
1284230331249,train,2012
1284230338373,train,2012
1284230381179,train,2012
1284230465738,train,2012
1284230625442,train,2012
1284230642763,train,2012
1284230657062,train,2012
1284230760638,train,2012
1284230764391,train,2012
1284230898940,train,2012
1284231043801,train,2012
1284231234008,train,2012
1284231246859,train,2012
1284231353129,train,2012
1284231395351,train,2012
1284231399420,train,2012
1284231400275,train,2012
1284231402215,train,2012
1284231403099,train,2012
1284231405788,train,2012
1284231412146,train,2012
1284231536854,train,2012
1284231541608,train,2012
1284231664951,train,2012
1284231751110,train,2012
1284231834527,train,2012
1284231873043,train,2012
1284231923938,train,2012
1284231983101,train,2012
1284232051546,train,2012
1284232054553,train,2012
1284232058458,train,2012
1284232063041,train,2012
1284232075322,train,2012
1284232083621,train,2012
1284232087245,train,2012
1284232206332,train,2012
1284232211948,train,2012
1284232320485,train,2012
1284232411775,train,2012
1284232457213,train,2012
1284232459531,train,2012
1284232479636,train,2012
1284232618398,train,2012
1284232623818,train,2012
1284232731311,train,2012
1284232745325,train,2012
1284232745710,train,2012
1284232755349,train,2012
1284232765326,train,2012
1284232766173,train,2012
1284232768066,train,2012
1284232773734,train,2012
1284232773929,train,2012
1284232849727,train,2012
1284232850619,train,2012
1284232969150,train,2012
1284232970943,train,2012
1284232972099,train,2012
1284232975450,train,2012
1284233113263,train,2012
1284233135758,train,2012
1284233184484,train,2012
1284233198443,train,2012
1284233209538,train,2012
1284233231082,train,2012
1284233374440,train,2012
1284233424778,train,2012
1284233465672,train,2012
1284233478156,train,2012
1284233503524,train,2012
1284233569436,train,2012
1284233572397,train,2012
1284233576651,train,2012
1284233583811,train,2012
1284233587135,train,2012
1284233591251,train,2012
1284233592771,train,2012
1284233594701,train,2012
1284233595466,train,2012
1284233615980,train,2012
1284233654189,train,2012
1284233655964,train,2012
1284233805514,train,2012
1284233907694,train,2012
1284233980999,train,2012
1284234002300,train,2012
1284234004056,train,2012
1284234011609,train,2012
1284234013037,train,2012
1284234111384,train,2012
1284234222774,train,2012
1284234323491,train,2012
1284234393517,train,2012
1284234403361,train,2012
1284234486159,train,2012
1284234491650,train,2012
1284234504485,train,2012
1284234507530,train,2012
1284234509664,train,2012
1284234511003,train,2012
1284234554002,train,2012
1284234601381,train,2012
1284234603593,train,2012
1284234881015,train,2012
1284234881906,train,2012
1284234885289,train,2012
1284235116349,train,2012
1284235117149,train,2012
1284235120416,train,2012
1284235122402,train,2012
1284235125760,train,2012
1284235123824,train,2012
1284235126822,train,2012
1284235185966,train,2012
1284235246225,train,2012
1284235265127,train,2012
1284235389118,train,2012
1284235396556,train,2012
1284235470148,train,2012
1284235685763,train,2012
1284235688323,train,2012
1284235691199,train,2012
1284235700290,train,2012
1284235800316,train,2012
1284235902142,train,2012
1284236045269,train,2012
1284236118905,train,2012
1284236343467,train,2012
1284236477353,train,2012
1284236480013,train,2012
1284236490369,train,2012
1284236491275,train,2012
1284236492508,train,2012
1284236493550,train,2012
1284236503780,train,2012
1284236649060,train,2012
1284236952652,train,2012
1284237037638,train,2012
1284237167271,train,2012
1284237170632,train,2012
1284237173040,train,2012
1284237175499,train,2012
1284237177259,train,2012
1284237237430,train,2012
1284237269613,train,2012
1284237297199,train,2012
1284237471261,train,2012
1284237574453,train,2012
1284237575447,train,2012
1284237576477,train,2012
1284237578477,train,2012
1284237579965,train,2012
1284237581276,train,2012
1284237582381,train,2012
1284237691681,train,2012
1284238007168,train,2012
1284238061462,train,2012
1284238091158,train,2012
1284238183822,train,2012
1284238230445,train,2012
1284238394469,train,2012
1284238398834,train,2012
1284238401662,train,2012
1284238403406,train,2012
1284238407199,train,2012
1284238541702,train,2012
1284238689868,train,2012
1284238693601,train,2012
1284239196613,train,2012
1284239323408,train,2012
1284239406904,train,2012
1284239407969,train,2012
1284239409270,train,2012
1284239410835,train,2012
1284239413664,train,2012
1284239414647,train,2012
1284239418350,train,2012
1284240142559,train,2012
1284240430108,train,2012
1284240619863,train,2012
1284240845489,train,2012
1284241146305,train,2012
1284241244322,train,2012
1284241714436,train,2012
1284241756047,train,2012
1284242491250,train,2012
1284242512843,train,2012
1284242513446,train,2012
1284242529805,train,2012
1284242532077,train,2012
1284242543798,train,2012
1284242548442,train,2012
1284242556421,train,2012
1284242652171,train,2012
1284242761013,train,2012
1284242765377,train,2012
1284242901689,train,2012
1284242969371,train,2012
1284243081596,train,2012
1284243227453,train,2012
1284243249737,train,2012
1284243906822,train,2012
1284243997480,train,2012
1284244036765,train,2012
1284244047057,train,2012
1284244055045,train,2012
1284244052495,train,2012
1284244194543,train,2012
1284244243841,train,2012
1284244249967,train,2012
1284244257374,train,2012
1284244401313,train,2012
1284244406273,train,2012
1284244408085,train,2012
1284244409090,train,2012
1284244410084,train,2012
1284244616755,train,2012
1284244798894,train,2012
1284244855370,train,2012
1284245023033,train,2012
1284245026335,train,2012
1284245027214,train,2012
1284245029567,train,2012
1284245171974,train,2012
1284245313339,train,2012
1284245315357,train,2012
1284245317963,train,2012
1284245472084,train,2012
1284245665792,train,2012
1284245670139,train,2012
1284245682445,train,2012
1284246061712,train,2012
1284246248933,train,2012
1284247560259,train,2012
1284247726609,train,2012
1284247928397,train,2012
1284247979101,train,2012
1284247997276,train,2012
1284247992525,train,2012
1284247994043,train,2012
1284247995100,train,2012
1284247995977,train,2012
1284248190199,train,2012
1284248191027,train,2012
1284248544802,train,2012
1284248558223,train,2012
1284248567818,train,2012
1284248565482,train,2012
1284248572180,train,2012
1284248597467,train,2012
1284248649750,train,2012
1284248650457,train,2012
1284248656186,train,2012
1284248655353,train,2012
1284248661122,train,2012
1284248665163,train,2012
1284248666181,train,2012
1284248666958,train,2012
1284248667343,train,2012
1284248739285,train,2012
1284248811694,train,2012
1284248867192,train,2012
1284248975653,train,2012
1284249112947,train,2012
1284249383742,train,2012
1284249397079,train,2012
1284249409977,train,2012
1284249598067,train,2012
1284249609932,train,2012
1284249617606,train,2012
1284249619152,train,2012
1284249626742,train,2012
1284249642432,train,2012
1284249660785,train,2012
1284250043473,train,2012
1284250605501,train,2012
1284251159168,train,2012
1284251163532,train,2012
1284251225812,train,2012
1284251228540,train,2012
1284251229647,train,2012
1284251372100,train,2012
1284251372961,train,2012
1284251373351,train,2012
1284251398233,train,2012
1284251541128,train,2012
1284251542377,train,2012
1284251692003,train,2012
1284251730446,train,2012
1284251733910,train,2012
1284251736973,train,2012
1284251740732,train,2012
1284251741910,train,2012
1284251743439,train,2012
1284251760716,train,2013
1284251763238,train,2013
1284251778019,train,2013
1284252002932,train,2013
1284252020739,train,2013
1284252041001,train,2013
1284252047882,train,2013
1284252049038,train,2013
1284252051034,train,2013
1284252052420,train,2013
1284252054433,train,2013
1284252055324,train,2013
1284252065143,train,2013
1284252275891,train,2013
1284252279933,train,2013
1284252287546,train,2013
1284252423548,train,2013
1284252429952,train,2013
1284252433168,train,2013
1284252803542,train,2013
1284252827997,train,2013
1284252830434,train,2013
1284252951250,train,2013
1284253185381,train,2013
1284253198658,train,2013
1284253563967,train,2013
1284253830724,train,2013
1284253842057,train,2013
1284253844396,train,2013
1284253845243,train,2013
1284254038629,train,2013
1284254042967,train,2013
1284254138071,train,2013
1284254792275,train,2013
1284254811536,train,2013
1284254863031,train,2013
1284254949056,train,2013
1284254978402,train,2013
1284254982550,train,2013
1284255140789,train,2013
1284255277760,train,2013
1284255335784,train,2013
1284255392720,train,2013
1284255466174,train,2013
1284255480437,train,2013
1284255685899,train,2013
1284255689065,train,2013
1284255880550,train,2013
1284256066419,train,2013
1284256364335,train,2013
1284256469630,train,2013
1284256519285,train,2013
1284256622665,train,2013
1284256624496,train,2013
1284256631744,train,2013
1284256636070,train,2013
1284256664001,train,2013
1284256766224,train,2013
1284256809985,train,2013
1284256991415,train,2013
1284256993635,train,2013
1284257188510,train,2013
1284257191459,train,2013
1284257406754,train,2013
1284257415253,train,2013
1284257642879,train,2013
1284257644035,train,2013
1284257645628,train,2013
1284257646691,train,2013
1284257648480,train,2013
1284257649544,train,2013
1284258280395,train,2013
1284258470732,train,2013
1284258475084,train,2013
1284258689156,train,2013
1284258701387,train,2013
1284258717290,train,2013
1284258910743,train,2013
1284259025840,train,2013
1284259254492,train,2013
1284259260104,train,2013
1284259385556,train,2013
1284259577868,train,2013
1284259579621,train,2013
1284259582566,train,2013
1284260021568,train,2013
1284260141998,train,2013
1284260150150,train,2013
1284260242322,train,2013
1284260325383,train,2013
1284260451692,train,2013
1284260470191,train,2013
1284260474260,train,2013
1284260475451,train,2013
1284260485216,train,2013
1284260486107,train,2013
1284260550293,train,2013
1284260649920,train,2013
1284260657007,train,2013
1284260804552,train,2013
1284260952215,train,2013
1284261043107,train,2013
1284261080879,train,2013
1284261158134,train,2013
1284261298019,train,2013
1284261303401,train,2013
1284261306691,train,2013
1284261307689,train,2013
1284261315284,train,2013
1284261318000,train,2013
1284261319129,train,2013
1284261321642,train,2013
1284261359100,train,2013
1284261520255,train,2013
1284261521382,train,2013
1284261531798,train,2013
1284261544739,train,2013
1284261773079,train,2013
1284262068450,train,2013
1284262069467,train,2013
1284262070758,train,2013
1284262071131,train,2013
1284262075540,train,2013
1284262076411,train,2013
1284262078973,train,2013
1284262079415,train,2013
1284262252312,train,2013
1284262258083,train,2013
1284262456908,train,2013
1284262629106,train,2013
1284262723922,train,2013
1284262728726,train,2013
1284262746112,train,2013
1284262747027,train,2013
1284262753103,train,2013
1284262756006,train,2013
1284264879241,train,2013
1284265112661,train,2013
1284265133494,train,2013
1284265141068,train,2013
1284265141995,train,2013
1284265144331,train,2013
1284265150723,train,2013
1284266005113,train,2013
1284266006176,train,2013
1284266078980,train,2013
1284266180624,train,2013
1284266188253,train,2013
1284266190037,train,2013
1284266191751,train,2013
1284266193037,train,2013
1284266390490,train,2013
1284266748684,train,2013
1284266874012,train,2013
1284266889584,train,2013
1284266902279,train,2013
1284266904674,train,2013
1284266907989,train,2013
1284267452377,train,2013
1284267454384,train,2013
1284267458554,train,2013
1284267460419,train,2013
1284267464428,train,2013
1284267660462,train,2013
1284267697494,train,2013
1284267872087,train,2013
1284267883810,train,2013
1284268081343,train,2013
1284268082350,train,2013
1284268102904,train,2013
1284268109900,train,2013
1284268176343,train,2013
1284268263048,train,2013
1284268276984,train,2013
1284268451576,train,2013
1284268679401,train,2013
1284268839541,train,2013
1284268880800,train,2013
1284268885779,train,2013
1284268887129,train,2013
1284268888266,train,2013
1284268889842,train,2013
1284268891082,train,2013
1284268938207,train,2013
1284268940694,train,2013
1284269091536,train,2013
1284269309669,train,2013
1284269311098,train,2013
1284269318292,train,2013
1284269319205,train,2013
1284269536707,train,2013
1284269796879,train,2013
1284269811783,train,2013
1284269814862,train,2013
1284269820708,train,2013
1284269822532,train,2013
1284269965549,train,2013
1284270148469,train,2013
1284270210628,train,2013
1284270214623,train,2013
1284270354893,train,2013
1284270505384,train,2013
1284270534119,train,2013
1284270702854,train,2013
1284270924069,train,2013
1284270930345,train,2013
1284270931374,train,2013
1284270933441,train,2013
1284270935295,train,2013
1284270941663,train,2013
1284270943822,train,2013
1284270945087,train,2013
1284270950853,train,2013
1284271187595,train,2013
1284271193830,train,2013
1284271368386,train,2013
1284271370832,train,2013
1284271398250,train,2013
1284271823058,train,2013
1284271824718,train,2013
1284272079822,train,2013
1284272086270,train,2013
1284272088166,train,2013
1284272090972,train,2013
1284272094742,train,2013
1284272096236,train,2013
1284272672346,train,2013
1284272674074,train,2013
1284272690403,train,2013
1284272904149,train,2013
1284273091117,train,2013
1284273240439,train,2013
1284273242523,train,2013
1284273247721,train,2013
1284273251866,train,2013
1284273280878,train,2013
1284273430833,train,2013
1284273457499,train,2013
1284273609585,train,2013
1284274094952,train,2013
1284274125064,train,2013
1284274208935,train,2013
1284274517822,train,2013
1284274519288,train,2013
1284274531575,train,2013
1284274532381,train,2013
1284274535200,train,2013
1284274536311,train,2013
1284274538725,train,2013
1284274539515,train,2013
1284274539933,train,2013
1284274541928,train,2013
1284274544260,train,2013
1284274718929,train,2013
1284274735043,train,2013
1284274738182,train,2013
1284275111343,train,2013
1284275242393,train,2013
1284275327835,train,2013
1284275465432,train,2013
1284275469945,train,2013
1284275471122,train,2013
1284275472539,train,2013
1284275474323,train,2013
1284275477849,train,2013
1284275502075,train,2013
1284275496131,train,2013
1284275718925,train,2013
1284275910084,train,2013
1284275925218,train,2013
1284276269449,train,2013
1284276271492,train,2013
1284276273826,train,2013
1284276275881,train,2013
1284276276956,train,2013
1284276278031,train,2013
1284276278970,train,2013
1284276292174,train,2013
1284276295202,train,2013
1284276297032,train,2013
1284276298043,train,2013
1284276300346,train,2013
1284276302129,train,2013
1284276304299,train,2013
1284276305338,train,2013
1284276306535,train,2013
1284276322684,train,2013
1284276649300,train,2013
1284276669615,train,2013
1284276673725,train,2013
1284276855630,train,2013
1284277085059,train,2013
1284277100493,train,2013
1284277319313,train,2013
1284277322203,train,2013
1284277323907,train,2013
1284277326768,train,2013
1284277328817,train,2013
1284277332566,train,2013
1284277333433,train,2013
1284277336390,train,2013
1284277337264,train,2013
1284277338592,train,2013
1284277341198,train,2013
1284277619868,train,2013
1284277845355,train,2013
1284278003408,train,2013
1284278060878,train,2013
1284278209770,train,2013
1284278231996,train,2013
1284278236179,train,2013
1284278242517,train,2013
1284278249767,train,2013
1284278253604,train,2013
1284278407085,train,2013
1284278408711,train,2013
1284278411392,train,2013
1284278450332,train,2013
1284278665164,train,2013
1284278707102,train,2013
1284278716084,train,2013
1284278735517,train,2013
1284278747159,train,2013
1284278826776,train,2013
1284278992651,train,2013
1284278994225,train,2013
1284279007241,train,2013
1284279010623,train,2013
1284279319760,train,2013
1284279321099,train,2013
1284279454815,train,2013
1284279464875,train,2013
1284279504134,train,2013
1284279661517,train,2013
1284279663572,train,2013
1284279736248,train,2013
1284279737367,train,2013
1284279739670,train,2013
1284279741392,train,2013
1284279743708,train,2013
1284279744815,train,2013
1284279747012,train,2013
1284279748521,train,2013
1284279871629,train,2013
1284279878351,train,2013
1284279935682,train,2013
1284280015227,train,2013
1284280096987,train,2013
1284280238906,train,2013
1284280363215,train,2013
1284280367523,train,2013
1284280384667,train,2013
1284280387485,train,2013
1284280388237,train,2013
1284280394459,train,2013
1284280402057,train,2013
1284280533531,train,2013
1284280616026,train,2013
1284280639862,train,2013
1284280696716,train,2013
1284280878096,train,2013
1284281029825,train,2013
1284281068815,train,2013
1284281072250,train,2013
1284281074974,train,2013
1284281076681,train,2013
1284281077577,train,2013
1284281080501,train,2013
1284281085652,train,2013
1284281088028,train,2013
1284281089761,train,2013
1284281091944,train,2013
1284281101277,train,2013
1284281176685,train,2013
1284281280627,train,2013
1284281287632,train,2013
1284281310424,train,2013
1284281391060,train,2013
1284281392310,train,2013
1284281397052,train,2013
1284281453404,train,2013
1284281459294,train,2013
1284281460898,train,2013
1284281464767,train,2013
1284281465566,train,2013
1284281468424,train,2013
1284289603825,train,2013
1284281473331,train,2013
1284281527761,train,2013
1284281586165,train,2013
1284281669709,train,2013
1284281670721,train,2013
1284281769260,train,2013
1284281897758,train,2013
1284281899921,train,2013
1284281900848,train,2013
1284281905867,train,2013
1284281907687,train,2013
1284281908643,train,2013
1284281910834,train,2013
1284281946053,train,2013
1284282014784,train,2013
1284282036615,train,2013
1284282094394,train,2013
1284282669754,train,2013
1284282683944,train,2013
1284282962634,train,2013
1284282963941,train,2013
1284282966432,train,2013
1284283313594,train,2013
1284283318752,train,2013
1284283324030,train,2013
1284283327461,train,2013
1284283333359,train,2013
1284283773624,train,2013
1284284154940,train,2013
1284284157282,train,2013
1284284158019,train,2013
1284284443711,train,2013
1284284468581,train,2013
1284284475376,train,2013
1284284476604,train,2013
1284284478243,train,2013
1284284481458,train,2013
1284284671371,train,2013
1284284898430,train,2013
1284285127803,train,2013
1284285482129,train,2013
1284285491983,train,2013
1284285493194,train,2013
1284285510707,train,2013
1284285824667,train,2013
1284286139457,train,2013
1284286290602,train,2013
1284286293609,train,2013
1284286437853,train,2013
1284286947916,train,2013
1284287367617,train,2013
1284287371291,train,2013
1284287399399,train,2013
1284287652603,train,2013
1284288293751,train,2013
1284288304270,train,2013
1284288305318,train,2013
1284288307570,train,2013
1284288382080,train,2013
1284288398359,train,2013
1284288703481,train,2013
1284288895274,train,2013
1284289049215,train,2013
1284289052749,train,2013
1284289055410,train,2013
1284289062381,train,2013
1284289107884,train,2013
1284289180273,train,2013
1284289618329,train,2013
1284289618853,train,2013
1284289779257,train,2013
1284289781781,train,2013
1284289785366,train,2013
1284289786902,train,2013
1284289795637,train,2013
1284289800270,train,2013
1284289801708,train,2013
1284289811482,train,2013
1284289919802,train,2013
1284289985640,train,2013
1284290140227,train,2013
1284290466204,train,2013
1284290468631,train,2013
1284290617089,train,2013
1284290619919,train,2013
1284290740896,train,2013
1284290869049,train,2013
1284290887900,train,2013
1284291203710,train,2013
1284291204945,train,2013
1284291207272,train,2013
1284291208339,train,2013
1284291210603,train,2013
1284291224116,train,2013
1284291225502,train,2013
1284291423063,train,2013
1284291645982,train,2013
1284291696931,train,2013
1284291698563,train,2013
1284291809711,train,2013
1284291811332,train,2013
1284292063783,train,2013
1284292298628,train,2013
1284292301659,train,2013
1284292303966,train,2013
1284292312600,train,2013
1284292438215,train,2013
1284292957407,train,2013
1284293445512,train,2013
1284293456745,train,2013
1284293461574,train,2013
1284293465164,train,2013
1284293654665,train,2013
1284293662509,train,2013
1284294038487,train,2013
1284294044322,train,2013
1284294226940,train,2013
1284294324234,train,2013
1284294330198,train,2013
1284294341759,train,2013
1284294345991,train,2013
1284294347202,train,2013
1284295154235,train,2013
1284295417275,train,2013
1284295423418,train,2013
1284295427006,train,2013
1284295430014,train,2013
1284295432623,train,2013
1284295434553,train,2013
1284295449415,train,2013
1284295831534,train,2013
1284295863607,train,2013
1284295865474,train,2013
1284295904890,train,2013
1284296037295,train,2013
1284296058910,train,2013
1284296061091,train,2013
1284296094371,train,2013
1284296113300,train,2013
1284296301093,train,2013
1284296302418,train,2013
1284296308572,train,2013
1284296313318,train,2013
1284296320288,train,2013
1284296324280,train,2013
1284296324940,train,2013
1284296328910,train,2013
1284296330338,train,2013
1284296336211,train,2013
1284296343043,train,2013
1284296344973,train,2013
1284296346019,train,2013
1284296346673,train,2013
1284296357296,train,2013
1284296367768,train,2013
1284296425154,train,2013
1284296635169,train,2013
1284296878415,train,2013
1284297396738,train,2013
1284297397681,train,2013
1284297400104,train,2013
1284297401129,train,2013
1284297402098,train,2013
1284297403231,train,2013
1284297408651,train,2013
1284297410417,train,2013
1284297412276,train,2013
1284297414580,train,2013
1284297672876,train,2013
1284297712741,train,2013
1284297841816,train,2013
1284297852920,train,2013
1284298053581,train,2013
1284298446675,train,2013
1284298549205,train,2013
1284298655359,train,2013
1284298728575,train,2013
1284298729379,train,2013
1284298733032,train,2013
1284298737967,train,2013
1284298743276,train,2013
1284298760776,train,2013
1284298882417,train,2013
1284298883695,train,2013
1284298891061,train,2013
1284298962605,train,2013
1284299023913,train,2013
1284299075759,train,2013
1284299100821,train,2013
1284299174672,train,2013
1284299182315,train,2013
1284299184185,train,2013
1284299186754,train,2013
1284299188553,train,2013
1284299334696,train,2013
1284299338227,train,2014
1284299341475,train,2014
1284299362958,train,2014
1284299382336,train,2014
1284299505022,train,2014
1284391741340,train,2014
1284299680773,train,2014
1284299686084,train,2014
1284299689043,train,2014
1284299690321,train,2014
1284299692764,train,2014
1284299694231,train,2014
1284299696219,train,2014
1284299703363,train,2014
1284299713543,train,2014
1284299770496,train,2014
1284300188963,train,2014
1284300342905,train,2014
1284300348137,train,2014
1284300353953,train,2014
1284300364269,train,2014
1284300367197,train,2014
1284300366105,train,2014
1284300370743,train,2014
1284300374326,train,2014
1284300395182,train,2014
1284300398397,train,2014
1284300626316,train,2014
1284300822152,train,2014
1284301164194,train,2014
1284301292273,train,2014
1284301293495,train,2014
1284301304137,train,2014
1284301305216,train,2014
1284301306131,train,2014
1284301311218,train,2014
1284301312405,train,2014
1284301317601,train,2014
1284301329615,train,2014
1284301441449,train,2014
1284301493164,train,2014
1284301690893,train,2014
1284301834206,train,2014
1284302001032,train,2014
1284302254686,train,2014
1284302259624,train,2014
1284302263824,train,2014
1284302407560,train,2014
1284302725863,train,2014
1284302814438,train,2014
1284302920832,train,2014
1284302937834,train,2014
1284303114300,train,2014
1284303285772,train,2014
1284303288939,train,2014
1284303302493,train,2014
1284303303528,train,2014
1284303306105,train,2014
1284303353077,train,2014
1284303520619,train,2014
1284303523628,train,2014
1284303728661,train,2014
1284303730623,train,2014
1284303961715,train,2014
1284304050096,train,2014
1284304055690,train,2014
1284304228501,train,2014
1284304266123,train,2014
1284304273221,train,2014
1284304278098,train,2014
1284304594873,train,2014
1284304667009,train,2014
1284304679735,train,2014
1284304769309,train,2014
1284305038291,train,2014
1284305274598,train,2014
1284305462069,train,2014
1284305803882,train,2014
1284306930643,train,2014
1284307274469,train,2014
1284307286560,train,2014
1284307547862,train,2014
1284307828676,train,2014
1284307838808,train,2014
1284308553741,train,2014
1284308768200,train,2014
1284308944316,train,2014
1284308946857,train,2014
1284309110787,train,2014
1284309135931,train,2014
1284309776052,train,2014
1284309800945,train,2014
1284310027763,train,2014
1284310174192,train,2014
1284310364249,train,2014
1284310374059,train,2014
1284310943723,train,2014
1284310995474,train,2014
1284311341119,train,2014
1284311579907,train,2014
1284311703869,train,2014
1284311749583,train,2014
1284311752023,train,2014
1284311897066,train,2014
1284311999958,train,2014
1284312010593,train,2014
1284312153059,train,2014
1284312436761,train,2014
1284312912759,train,2014
1284312921024,train,2014
1284313235791,train,2014
1284313894105,train,2014
1284313995559,train,2014
1284314099734,train,2014
1284314120027,train,2014
1284314475159,train,2014
1284314487242,train,2014
1284315070269,train,2014
1284315079320,train,2014
1284315166307,train,2014
1284315847944,train,2014
1284316063476,train,2014
1284316067433,train,2014
1284316073322,train,2014
1284316285861,train,2014
1284316414607,train,2014
1284316428746,train,2014
1284316467694,train,2014
1284316575835,train,2014
1284316581737,train,2014
1284316737542,train,2014
1284316742915,train,2014
1284316923179,train,2014
1284316935499,train,2014
1284316936392,train,2014
1284316939386,train,2014
1284316945725,train,2014
1284317278807,train,2014
1284317293626,train,2014
1284317396857,train,2014
1284317405999,train,2014
1284317442096,train,2014
1284317446664,train,2014
1284317447985,train,2014
1284317450128,train,2014
1284317453518,train,2014
1284317457480,train,2014
1284317469178,train,2014
1284317470486,train,2014
1284317473529,train,2014
1284317616097,train,2014
1284317679941,train,2014
1284317685561,train,2014
1284317875215,train,2014
1284318018295,train,2014
1284318020925,train,2014
1284318026841,train,2014
1284318383634,train,2014
1284318386135,train,2014
1284318386535,train,2014
1284319645043,train,2014
1284319754640,train,2014
1284319830284,train,2014
1284319836499,train,2014
1284319837567,train,2014
1284319848821,train,2014
1284319850320,train,2014
1284319870156,train,2014
1284320061356,train,2014
1284320159223,train,2014
1284320329571,train,2014
1284320340752,train,2014
1284320767839,train,2014
1284321239541,train,2014
1284321241912,train,2014
1284321243049,train,2014
1284321444982,train,2014
1284322197784,train,2014
1284322200242,train,2014
1284322211592,train,2014
1284322212871,train,2014
1284322213710,train,2014
1284322216053,train,2014
1284322549308,train,2014
1284322577252,train,2014
1284323222734,train,2014
1284323223977,train,2014
1284323392430,train,2014
1284323560776,train,2014
1284323569906,train,2014
1284323567058,train,2014
1284323572090,train,2014
1284323579349,train,2014
1284323583245,train,2014
1284324033919,train,2014
1284324043732,train,2014
1284324519114,train,2014
1284324932448,train,2014
1284325106305,train,2014
1284325120885,train,2014
1284325126975,train,2014
1284325133788,train,2014
1284325135779,train,2014
1284325145519,train,2014
1284326240807,train,2014
1284326801778,train,2014
1284326832409,train,2014
1284327495092,train,2014
1284327519973,train,2014
1284327524377,train,2014
1284327531090,train,2014
1284327532135,train,2014
1284327532535,train,2014
1284328266036,train,2014
1284329343314,train,2014
1284329461569,train,2014
1284329530266,train,2014
1284330869618,train,2014
1284331085627,train,2014
1284332193530,train,2014
1284332794581,train,2014
1284332832617,train,2014
1284332960654,train,2014
1284333054130,train,2014
1284333072401,train,2014
1284333129518,train,2014
1284333225433,train,2014
1284333224390,train,2014
1284333228820,train,2014
1284333247021,train,2014
1284333298869,train,2014
1284333411962,train,2014
1284333507058,train,2014
1284333951594,train,2014
1284334357951,train,2014
1284334762360,train,2014
1284334769959,train,2014
1284335059987,train,2014
1284335304918,train,2014
1284335380273,train,2014
1284335533055,train,2014
1284335570124,train,2014
1284335683054,train,2014
1284335798835,train,2014
1284336239936,train,2014
1284336262700,train,2014
1284336341078,train,2014
1284336566400,train,2014
1284336901645,train,2014
1284337222802,train,2014
1284337374859,train,2014
1284337882584,train,2014
1284337900685,train,2014
1284338127879,train,2014
1284338610177,train,2014
1284338775684,train,2014
1284338788624,train,2014
1284339961932,train,2014
1284340824617,train,2014
1284340913590,train,2014
1284341882987,train,2014
1284343828181,train,2014
1284344073116,train,2014
1284344093898,train,2014
1284344338476,train,2014
1284344469840,train,2014
1284344944226,train,2014
1284345528463,train,2014
1284345968544,train,2014
1284346412679,train,2014
1284346413565,train,2014
1284346592109,train,2014
1284346819122,train,2014
1284346885690,train,2014
1284346918943,train,2014
1284346946589,train,2014
1284346953419,train,2014
1284346989239,train,2014
1284347206330,train,2014
1284347375751,train,2014
1284347409116,train,2014
1284347441792,train,2014
1284347484677,train,2014
1284347550620,train,2014
1284347621190,train,2014
1284347677051,train,2014
1284347694535,train,2014
1284347814157,train,2014
1284347805947,train,2014
1284347871194,train,2014
1284348206545,train,2014
1284348289260,train,2014
1284348478821,train,2014
1284348555264,train,2014
1284348899378,train,2014
1284349517687,train,2014
1284349529550,train,2014
1284349676938,train,2014
1284350068772,train,2014
1284350503492,train,2014
1284350829948,train,2014
1284350949522,train,2014
1284350954917,train,2014
1284350969000,train,2014
1284350979038,train,2014
1284350993209,train,2014
1284351164382,train,2014
1284351187836,train,2014
1284351202314,train,2014
1284351294050,train,2014
1284351481783,train,2014
1284351500231,train,2014
1284351574009,train,2014
1284351579196,train,2014
1284351588516,train,2014
1284351593744,train,2014
1284351620739,train,2014
1284352062149,train,2014
1284352094971,train,2014
1284352537039,train,2014
1284352736838,train,2014
1284352900815,train,2014
1284352997115,train,2014
1284353015353,train,2014
1284353275804,train,2014
1284353418218,train,2014
1284353419955,train,2014
1284354417780,train,2014
1284354567973,train,2014
1284354572283,train,2014
1284354576244,train,2014
1284354603413,train,2014
1284354782673,train,2014
1284354960565,train,2014
1284354995358,train,2014
1284355412125,train,2014
1284355512058,train,2014
1284355736157,train,2014
1284356329483,train,2014
1284356540306,train,2014
1284356572704,train,2014
1284356632571,train,2014
1284356668165,train,2014
1284356805832,train,2014
1284356851398,train,2014
1284356882423,train,2014
1284356886023,train,2014
1284356894562,train,2014
1284357420929,train,2014
1284357457679,train,2014
1284357708059,train,2014
1284357887671,train,2014
1284357941305,train,2014
1284358012635,train,2014
1284358039253,train,2014
1284358120088,train,2014
1284358311110,train,2014
1284358401301,train,2014
1284358510025,train,2014
1284358538307,train,2014
1284358564899,train,2014
1284358633231,train,2014
1284358655358,train,2014
1284358737511,train,2014
1284358962898,train,2014
1284359183237,train,2014
1284359224224,train,2014
1284359417415,train,2014
1284359419533,train,2014
1284359423252,train,2014
1284359440201,train,2014
1284359503791,train,2014
1284359800677,train,2014
1284359887464,train,2014
1284359891903,train,2014
1284359908815,train,2014
1284360039962,train,2014
1284360046705,train,2014
1284360089045,train,2014
1284360261816,train,2014
1284360264874,train,2014
1284360376815,train,2014
1284360610685,train,2014
1284360733949,train,2014
1284360868051,train,2014
1284361410029,train,2014
1284361612474,train,2014
1284361616992,train,2014
1284361654268,train,2014
1284362274724,train,2014
1284362342413,train,2014
1284362573324,train,2014
1284362766483,train,2014
1284362771113,train,2014
1284363087787,train,2014
1284363244880,train,2014
1284363364993,train,2014
1284363649099,train,2014
1284363743535,train,2014
1284363752087,train,2014
1284363977395,train,2014
1284364042235,train,2014
1284364060172,train,2014
1284364060369,train,2014
1284364426743,train,2014
1284364949896,train,2014
1284365094195,train,2014
1284365410508,train,2014
1284365538241,train,2014
1284365543645,train,2014
1284365749224,train,2014
1284365931945,train,2014
1284366119913,train,2014
1284366210463,train,2014
1284366265215,train,2014
1284366542393,train,2014
1284366746057,train,2014
1284366751097,train,2014
1284367494193,train,2014
1284367871308,train,2014
1284368288204,train,2014
1284368307280,train,2014
1284368382492,train,2014
1284368541579,train,2014
1284368551605,train,2014
1284368590975,train,2014
1284368599604,train,2014
1284369066396,train,2014
1284369159386,train,2014
1284369269712,train,2014
1284369750388,train,2014
1284369881719,train,2014
1284370134736,train,2014
1284370162402,train,2014
1284370224299,train,2014
1284370483851,train,2014
1284371397499,train,2014
1284371727866,train,2014
1284371818807,train,2014
1284371985332,train,2014
1284372033481,train,2014
1284372204212,train,2014
1284372385907,train,2014
1284372960633,train,2014
1284373283440,train,2014
1284374206480,train,2014
1284374269339,train,2014
1284374492539,train,2014
1284374870388,train,2014
1284375026748,train,2014
1284375023793,train,2014
1284375085758,train,2014
1284375256837,train,2014
1284375259101,train,2014
1284375261651,train,2014
1284375491260,train,2014
1284375503347,train,2014
1284375507119,train,2014
1284375516591,train,2014
1284375517692,train,2014
1284375518793,train,2014
1284375601318,train,2014
1284375939895,train,2014
1284375985670,train,2014
1284376554757,train,2014
1284376573682,train,2014
1284376644678,train,2014
1284376660352,train,2014
1284376781557,train,2014
1284376802981,train,2014
1284376839712,train,2014
1284376852737,train,2014
1284377059431,train,2014
1284377765912,train,2014
1284378187900,train,2014
1284378241457,train,2014
1284378246708,train,2014
1284378504543,train,2014
1284378518233,train,2014
1284378576305,train,2014
1284378578343,train,2014
1284378675647,train,2014
1284378694091,train,2014
1284379235608,train,2014
1284379464988,train,2014
1284380485509,train,2014
1284380503557,train,2014
1284380870423,train,2014
1284380964410,train,2014
1284380965503,train,2014
1284381259707,train,2014
1284381447277,train,2014
1284381746262,train,2014
1284381747435,train,2014
1284382127525,train,2014
1284382138530,train,2014
1284382143651,train,2014
1284382384574,train,2014
1284382515124,train,2014
1284382552793,train,2014
1284383022369,train,2014
1284383026738,train,2014
1284383058294,train,2014
1284383745746,train,2014
1284384023411,train,2014
1284384216222,train,2014
1284384462984,train,2014
1284384508305,train,2014
1284384541836,train,2014
1284384599712,train,2014
1284384600878,train,2014
1284384866894,train,2014
1284384968336,train,2014
1284385153073,train,2014
1284385155779,train,2014
1284385595909,train,2014
1284385929826,train,2014
1284386130853,train,2014
1284386177745,train,2014
1284386196265,train,2014
1284386197862,train,2014
1284386230365,train,2014
1284386243245,train,2014
1284386268009,train,2014
1284386488363,train,2014
1284386650762,train,2014
1284386710649,train,2014
1284387143416,train,2014
1284387147680,train,2014
1284387225786,train,2014
1284387360620,train,2014
1284387573057,train,2014
1284387578532,train,2014
1284387590579,train,2014
1284387591812,train,2014
1284387594319,train,2014
1284387596675,train,2014
1284387598778,train,2014
1284387601612,train,2014
1284387606365,train,2014
1284387614768,train,2014
1284387615917,train,2014
1284387618283,train,2014
1284387619384,train,2014
1284387830287,train,2014
1284387847254,train,2014
1284387858172,train,2014
1284387974843,train,2014
1284388091434,train,2014
1284388177121,train,2014
1284388282662,train,2014
1284388382307,train,2014
1284388697453,train,2014
1284388699099,train,2014
1284388708669,train,2014
1284388728239,train,2014
1284388856314,train,2014
1284388930324,train,2014
1284389034875,train,2014
1284389068654,train,2014
1284389069704,train,2014
1284389147515,train,2014
1284389174572,train,2014
1284389810923,train,2014
1284389812955,train,2014
1284389814789,train,2014
1284390033627,train,2014
1284390556897,train,2014
1284390557729,train,2014
1284390561181,train,2014
1284390758428,train,2014
1284390921242,train,2014
1284391026696,train,2014
1284391039423,train,2014
1284391070952,train,2014
1284391096424,train,2014
1284391187387,train,2014
1284391219198,train,2014
1284391227854,train,2014
1284391250034,train,2014
1284391284775,train,2014
1284391357131,train,2014
1284391360713,train,2014
1284391624561,train,2015
1284391626294,train,2015
1284391751699,train,2015
1284391755651,train,2015
1284391763640,train,2015
1284391766300,train,2015
1284391848135,train,2015
1284391850048,train,2015
1284391851266,train,2015
1284391866576,train,2015
1284392116219,train,2015
1284392117085,train,2015
1284392347397,train,2015
1284392552602,train,2015
1284392553838,train,2015
1284392560987,train,2015
1284392565232,train,2015
1284392568195,train,2015
1284392898483,train,2015
1284393250885,train,2015
1284393258484,train,2015
1284393753828,train,2015
1284393980137,train,2015
1284393982038,train,2015
1284394000872,train,2015
1284394002664,train,2015
1284394010421,train,2015
1284394033045,train,2015
1284394038990,train,2015
1284394048089,train,2015
1284394266605,train,2015
1284395120252,train,2015
1284395326107,train,2015
1284395623496,train,2015
1284395652472,train,2015
1284395668525,train,2015
1284395674387,train,2015
1284395675932,train,2015
1284396350582,train,2015
1284396358498,train,2015
1284396362415,train,2015
1284396407503,train,2015
1284396470853,train,2015
1284396531118,train,2015
1284396531518,train,2015
1284396542395,train,2015
1284396546723,train,2015
1284396721417,train,2015
1284396959719,train,2015
1284396965674,train,2015
1284396991662,train,2015
1284397298991,train,2015
1284397432828,train,2015
1284397435425,train,2015
1284397451650,train,2015
1284397704764,train,2015
1284397993984,train,2015
1284398270973,train,2015
1284398551572,train,2015
1284398575100,train,2015
1284398578784,train,2015
1284398591798,train,2015
1284398864826,train,2015
1284399089505,train,2015
1284399529805,train,2015
1284399826828,train,2015
1284399996734,train,2015
1284400383598,train,2015
1284400417209,train,2015
1284400419481,train,2015
1284400928072,train,2015
1284401146001,train,2015
1284401418445,train,2015
1284401422114,train,2015
1284401659600,train,2015
1284401940821,train,2015
1284401948677,train,2015
1284401953934,train,2015
1284401955134,train,2015
1284401958430,train,2015
1284402439835,train,2015
1284402451441,train,2015
1284402689006,train,2015
1284402864953,train,2015
1284402880902,train,2015
1284403306650,train,2015
1284403310574,train,2015
1284403317147,train,2015
1284403330782,train,2015
1284403361370,train,2015
1284403996570,train,2015
1284404622900,train,2015
1284404845499,train,2015
1284404847506,train,2015
1284404862161,train,2015
1284404862934,train,2015
1284404868667,train,2015
1284405478459,train,2015
1284405572124,train,2015
1284405619207,train,2015
1284405710818,train,2015
1284405918141,train,2015
1284406011002,train,2015
1284406181584,train,2015
1284406382840,train,2015
1284406403054,train,2015
1284406486760,train,2015
1284406491242,train,2015
1284406493494,train,2015
1284406964138,train,2015
1284407299196,train,2015
1284407696091,train,2015
1284408301394,train,2015
1284408335335,train,2015
1284408374394,train,2015
1284408389270,train,2015
1284408393981,train,2015
1284408419058,train,2015
1284408620953,train,2015
1284408621985,train,2015
1284409345888,train,2015
1284409400684,train,2015
1284410164038,train,2015
1284410520041,train,2015
1284410550547,train,2015
1284410548508,train,2015
1284410570707,train,2015
1284410581748,train,2015
1284410601495,train,2015
1284410632070,train,2015
1284410651964,train,2015
1284410661601,train,2015
1284411231401,train,2015
1284411934231,train,2015
1284411940109,train,2015
1284411943363,train,2015
1284411956612,train,2015
1284411990564,train,2015
1284412016804,train,2015
1284412019444,train,2015
1284412053104,train,2015
1284412061941,train,2015
1284412085048,train,2015
1284412126499,train,2015
1284412151747,train,2015
1284412192406,train,2015
1284412196663,train,2015
1284413459470,train,2015
1284413390320,train,2015
1284413397326,train,2015
1284413671266,train,2015
1284413963672,train,2015
1284415227463,train,2015
1284415231236,train,2015
1284415501489,train,2015
1284415544801,train,2015
1284415807296,train,2015
1284416741686,train,2015
1284417268472,train,2015
1284417297977,train,2015
1284417623412,train,2015
1284417626859,train,2015
1284417987830,train,2015
1284418510207,train,2015
1284418716242,train,2015
1284419128546,train,2015
1284419155116,train,2015
1284419172941,train,2015
1284419183959,train,2015
1284419187072,train,2015
1284419302886,train,2015
1284419463343,train,2015
1284419487190,train,2015
1284419826904,train,2015
1284420426306,train,2015
1284420427916,train,2015
1284421228800,train,2015
1284421903964,train,2015
1284421913636,train,2015
1284421915250,train,2015
1284421916541,train,2015
1284421919601,train,2015
1284421928777,train,2015
1284421930770,train,2015
1284421932539,train,2015
1284421933736,train,2015
1284421939160,train,2015
1284421943686,train,2015
1284421944923,train,2015
1284421947336,train,2015
1284421948856,train,2015
1284422410694,train,2015
1284422618304,train,2015
1284422978180,train,2015
1284423457624,train,2015
1284423458256,train,2015
1284423479090,train,2015
1284423763665,train,2015
1284423768194,train,2015
1284423866521,train,2015
1284423873238,train,2015
1284423877824,train,2015
1284423878224,train,2015
1284423904896,train,2015
1284424318689,train,2015
1284424633511,train,2015
1284425158915,train,2015
1284425237405,train,2015
1284426227842,train,2015
1284426245070,train,2015
1284426653464,train,2015
1284426677124,train,2015
1284426681624,train,2015
1284426683361,train,2015
1284426711553,train,2015
1284426716681,train,2015
1284426722015,train,2015
1284427492753,train,2015
1284427493283,train,2015
1284427715171,train,2015
1284427951053,train,2015
1284427965518,train,2015
1284428194552,train,2015
1284428305897,train,2015
1284428306905,train,2015
1284428309890,train,2015
1284428675856,train,2015
1284428792944,train,2015
1284428811389,train,2015
1284429001865,train,2015
1284429116437,train,2015
1284429120827,train,2015
1284430336991,train,2015
1284430458942,train,2015
1284430736201,train,2015
1284430737241,train,2015
1284430740543,train,2015
1284430863494,train,2015
1284430983517,train,2015
1284430987758,train,2015
1284430999291,train,2015
1284431000224,train,2015
1284431346604,train,2015
1284431535176,train,2015
1284431614601,train,2015
1284431728663,train,2015
1284432277492,train,2015
1284432377346,train,2015
1284432378943,train,2015
1284432669696,train,2015
1284432792135,train,2015
1284432799625,train,2015
1284432911134,train,2015
1284432911894,train,2015
1284432918765,train,2015
1284432929903,train,2015
1284433022333,train,2015
1284433348360,train,2015
1284433672056,train,2015
1284434088600,train,2015
1284434301356,train,2015
1284434745294,train,2015
1284434862094,train,2015
1284434870993,train,2015
1284434874973,train,2015
1284435361274,train,2015
1284435654265,train,2015
1284436432055,train,2015
1284436433664,train,2015
1284436798034,train,2015
1284436802258,train,2015
1284436934984,train,2015
1284436937833,train,2015
1284436938951,train,2015
1284436940071,train,2015
1284437180904,train,2015
1284437396785,train,2015
1284437753233,train,2015
1284437884815,train,2015
1284438336896,train,2015
1284438664707,train,2015
1284438870957,train,2015
1284439133117,train,2015
1284439294892,train,2015
1284439307050,train,2015
1284439364631,train,2015
1284439480753,train,2015
1284439731358,train,2015
1284439774420,train,2015
1284439842261,train,2015
1284440035708,train,2015
1284440303941,train,2015
1284440488228,train,2015
1284440497018,train,2015
1284440717224,train,2015
1284440718378,train,2015
1284440901067,train,2015
1284441184300,train,2015
1284441244379,train,2015
1284441437831,train,2015
1284441567929,train,2015
1284442087383,train,2015
1284442086326,train,2015
1284442208954,train,2015
1284442567949,train,2015
1284442574874,train,2015
1284442695250,train,2015
1284443384335,train,2015
1284443554072,train,2015
1284444261108,train,2015
1284444810239,train,2015
1284444871705,train,2015
1284445527830,train,2015
1284445580833,train,2015
1284445632046,train,2015
1284445865756,train,2015
1284446226764,train,2015
1284446227581,train,2015
1284446414285,train,2015
1284446414685,train,2015
1284446435264,train,2015
1284446616503,train,2015
1284446825584,train,2015
1284446876300,train,2015
1284447101103,train,2015
1284447102999,train,2015
1284447469292,train,2015
1284447550516,train,2015
1284447556061,train,2015
1284448300781,train,2015
1284448303004,train,2015
1284448313399,train,2015
1284449088342,train,2015
1284449089506,train,2015
1284449098534,train,2015
1284449099674,train,2015
1284449136482,train,2015
1284449140125,train,2015
1284449173154,train,2015
1284449223855,train,2015
1284449382094,train,2015
1284449732649,train,2015
1284450262430,train,2015
1284450521504,train,2015
1284450593278,train,2015
1284450711688,train,2015
1284450713124,train,2015
1284451519490,train,2015
1284451649198,train,2015
1284451703536,train,2015
1284451705398,train,2015
1284451712595,train,2015
1284451714879,train,2015
1284451824560,train,2015
1284452157217,train,2015
1284452360144,train,2015
1284452993344,train,2015
1284453521205,train,2015
1284454098965,train,2015
1284454105774,train,2015
1284454107235,train,2015
1284454204700,train,2015
1284454212996,train,2015
1284454381358,train,2015
1284454492851,train,2015
1284454745279,train,2015
1284455029770,train,2015
1284455189247,train,2015
1284455925339,train,2015
1284456397223,train,2015
1284456399349,train,2015
1284456441679,train,2015
1284456576132,train,2015
1284456595233,train,2015
1284456613469,train,2015
1284456624330,train,2015
1284458099493,train,2015
1284458104765,train,2015
1284458357105,train,2015
1284458542261,train,2015
1284458809583,train,2015
1284458894867,train,2015
1284458987862,train,2015
1284459001601,train,2015
1284459004111,train,2015
1284459007202,train,2015
1284459090128,train,2015
1284459159149,train,2015
1284459162150,train,2015
1284459848072,train,2015
1284460460122,train,2015
1284460533081,train,2015
1284460536360,train,2015
1284460538803,train,2015
1284461067970,train,2015
1284461074844,train,2015
1284461075362,train,2015
1284461171766,train,2015
1284461252666,train,2015
1284461268799,train,2015
1284461747940,train,2015
1284462136138,train,2015
1284462223257,train,2015
1284462711730,train,2015
1284462864113,train,2015
1284462866863,train,2015
1284463002219,train,2015
1284463004455,train,2015
1284463475906,train,2015
1284463639397,train,2015
1284463797220,train,2015
1284463800786,train,2015
1284463804520,train,2015
1284463805885,train,2015
1284464054372,train,2015
1284464140670,train,2015
1284464144094,train,2015
1284464148510,train,2015
1284464403411,train,2015
1284464463958,train,2015
1284464491063,train,2015
1284464800495,train,2015
1284465130867,train,2015
1284465256265,train,2015
1284465272591,train,2015
1284465860504,train,2015
1284465864681,train,2015
1284465866596,train,2015
1284465957399,train,2015
1284466003585,train,2015
1284466011321,train,2015
1284466012723,train,2015
1284466086625,train,2015
1284466716074,train,2015
1284466728938,train,2015
1284467168475,train,2015
1284467234999,train,2015
1284467285389,train,2015
1284467349432,train,2015
1284467381201,train,2015
1284467881286,train,2015
1284468073035,train,2015
1284468198148,train,2015
1284468494788,train,2015
1284468670403,train,2015
1284468670763,train,2015
1284468673090,train,2015
1284468800958,train,2015
1284469010757,train,2015
1284469012489,train,2015
1284469604723,train,2015
1284469631178,train,2015
1284469953563,train,2015
1284470061741,train,2015
1284470083570,train,2015
1284470102334,train,2015
1284470104107,train,2015
1284470510109,train,2015
1284470755606,train,2015
1284471089070,train,2015
1284471104435,train,2015
1284471105591,train,2015
1284471204488,train,2015
1284471208527,train,2015
1284471348291,train,2015
1284471374901,train,2015
1284473261011,train,2015
1284473708672,train,2015
1284473784303,train,2015
1284474728212,train,2015
1284476885384,train,2015
1284477579343,train,2015
1284477602276,train,2015
1284478689224,train,2015
1284481079736,train,2015
1284482323379,train,2015
1284482326834,train,2015
1284483260788,train,2015
1284483381726,train,2015
1284483644518,train,2015
1284483832533,train,2015
1284484000720,train,2015
1284484293807,train,2015
1284484401106,train,2015
1284484595237,train,2015
1284484683449,train,2015
1284484690410,train,2015
1284484685860,train,2015
1284484688535,train,2015
1284484706671,train,2015
1284484928513,train,2015
1284484968688,train,2015
1284484980112,train,2015
1284485030280,train,2015
1284485032600,train,2015
1284485097610,train,2015
1284485603669,train,2015
1284485624539,train,2015
1284486045146,train,2015
1284486201313,train,2015
1284486233744,train,2015
1284486608202,train,2015
1284486613860,train,2015
1284486769867,train,2015
1284486775285,train,2015
1284486892419,train,2015
1284486893027,train,2015
1284487039513,train,2015
1284487040438,train,2015
1284487226263,train,2015
1284488200327,train,2015
1284488205868,train,2015
1284488389592,train,2015
1284488484174,train,2015
1284488490164,train,2015
1284488798830,train,2015
1284488929320,train,2015
1284488960809,train,2015
1284489677465,train,2015
1284489757770,train,2015
1284489801248,train,2015
1284490106537,train,2015
1284490180355,train,2015
1284490379267,train,2015
1284490557802,train,2015
1284491247364,train,2015
1284491298790,train,2015
1284491649844,train,2015
1284491661297,train,2015
1284492210608,train,2015
1284492213349,train,2015
1284492246586,train,2015
1284492257876,train,2015
1284492415688,train,2015
1284492420088,train,2015
1284492423299,train,2015
1284492472464,train,2015
1284492477476,train,2015
1284492642163,train,2015
1284492696947,train,2015
1284493138060,train,2015
1284493475805,train,2015
1284493854294,train,2015
1284493898479,train,2015
1284493910463,train,2015
1284494146884,train,2015
1284494148710,train,2015
1284494155220,train,2015
1284494251421,train,2015
1284494333042,train,2015
1284494495673,train,2015
1284494856243,train,2015
1284494861684,train,2015
1284494902499,train,2015
1284495102096,train,2015
1284495352067,train,2015
1284495364697,train,2015
1284495544623,train,2015
1284495946772,train,2015
1284496181086,train,2015
1284496187481,train,2015
1284496529757,train,2015
1284496929842,train,2015
1284497259041,train,2015
1284497595615,train,2015
1284497720524,train,2015
1284497887301,train,2015
1284498056007,train,2015
1284498190374,train,2015
1284498203824,train,2015
1284499425670,train,2015
1284499935740,train,2015
1284500324132,train,2015
1284500344357,train,2015
1284500395964,train,2015
1284500680089,train,2015
1284500681467,train,2015
1284500686723,train,2015
1284500851739,train,2015
1284500852617,train,2015
1284500862333,train,2015
1284501070827,train,2015
1284501077087,train,2015
1284501078437,train,2015
1284501249627,train,2015
1284501383779,train,2015
1284501469661,train,2015
1284501585569,train,2015
1284502342207,train,2015
1284503209942,train,2015
1284503222793,train,2015
1284503305236,train,2015
1284503403727,train,2015
1284503422643,train,2015
1284504550777,train,2015
1284504567780,train,2015
1284505269429,train,2015
1284505584896,train,2015
1284505586616,train,2015
1284506326868,train,2015
1284506410174,train,2015
1284506418777,train,2015
1284506860928,train,2015
1284506887466,train,2015
1284506895085,train,2015
1284507342390,train,2015
1284507347729,train,2015
1284507354870,train,2015
1284507368786,train,2015
1284508134957,train,2015
1284508178041,train,2015
1284508179179,train,2015
1284509059303,train,2015
1284509194115,train,2015
1284511130923,train,2015
1284512609751,train,2015
1284513031283,train,2015
1284513211086,train,2015
1284513222999,train,2015
1284513936428,train,2015
1284514211231,train,2015
1284515273991,train,2015
1284515935861,train,2015
1284517003116,train,2015
1284517018741,train,2015
1284517062745,train,2015
1284517071438,train,2015
1284517237139,train,2015
1284518061377,train,2015
1284518181185,train,2015
1284518399203,train,2015
1284518702852,train,2015
1284519458848,train,2015
1284519572964,train,2015
1284520213704,train,2015
1284520640385,train,2015
1284520809003,train,2015
1284521035380,train,2015
1284521380443,train,2015
1284521401574,train,2015
1284521625127,train,2015
1284521972371,train,2015
1284522093230,train,2015
1284522093701,train,2015
1284522095171,train,2015
1284522178922,train,2015
1284522249187,train,2015
1284522297028,train,2015
1284522507227,train,2015
1284522814173,train,2015
1284523196585,train,2015
1284523215341,train,2015
1284523260740,train,2016
1284523269471,train,2016
1284523270629,train,2016
1284523288716,train,2016
1284523306552,train,2016
1284523341300,train,2016
1284523343570,train,2016
1284523345118,train,2016
1284523347844,train,2016
1284523361847,train,2016
1284523628413,train,2016
1284523673125,train,2016
1284523765448,train,2016
1284523834256,train,2016
1284523866664,train,2016
1284523890612,train,2016
1284523934506,train,2016
1284523943398,train,2016
1284524146488,train,2016
1284524151142,train,2016
1284524240937,train,2016
1284524437629,train,2016
1284524454482,train,2016
1284524465465,train,2016
1284524476352,train,2016
1284524487912,train,2016
1284524953798,train,2016
1284525124423,train,2016
1284525136871,train,2016
1284525144002,train,2016
1284525167382,train,2016
1284525171619,train,2016
1284525388115,train,2016
1284525413085,train,2016
1284525734533,train,2016
1284525735379,train,2016
1284525756374,train,2016
1284525783565,train,2016
1284525805738,train,2016
1284525834827,train,2016
1284525925931,train,2016
1284525945890,train,2016
1284526007758,train,2016
1284526257017,train,2016
1284526539563,train,2016
1284526598273,train,2016
1284526955789,train,2016
1284527016385,train,2016
1284527040372,train,2016
1284527041851,train,2016
1284527057072,train,2016
1284527059587,train,2016
1284527274080,train,2016
1284527591111,train,2016
1284527630904,train,2016
1284527695894,train,2016
1284527963518,train,2016
1284528100182,train,2016
1284528125001,train,2016
1284528139016,train,2016
1284528148374,train,2016
1284528159521,train,2016
1284528162736,train,2016
1284528259634,train,2016
1284528382034,train,2016
1284528649794,train,2016
1284528698983,train,2016
1284528865251,train,2016
1284529145986,train,2016
1284529405189,train,2016
1284529412724,train,2016
1284529438108,train,2016
1284529440677,train,2016
1284529917838,train,2016
1284530394411,train,2016
1284530402422,train,2016
1284530679848,train,2016
1284530733528,train,2016
1284530735214,train,2016
1284530775285,train,2016
1284530850320,train,2016
1284530888145,train,2016
1284531311018,train,2016
1284531412057,train,2016
1284531523804,train,2016
1284531753254,train,2016
1284531772750,train,2016
1284531953414,train,2016
1284532172832,train,2016
1284532196295,train,2016
1284532201238,train,2016
1284532340452,train,2016
1284532526176,train,2016
1284532574374,train,2016
1284532590596,train,2016
1284532885466,train,2016
1284533002209,train,2016
1284533081581,train,2016
1284533111386,train,2016
1284533341591,train,2016
1284533506269,train,2016
1284533606558,train,2016
1284533618832,train,2016
1284533969655,train,2016
1284534090285,train,2016
1284534116034,train,2016
1284534119202,train,2016
1284534219679,train,2016
1284534421493,train,2016
1284534450488,train,2016
1284534469852,train,2016
1284534554765,train,2016
1284534724151,train,2016
1284534746198,train,2016
1284535032227,train,2016
1284535062646,train,2016
1284535102973,train,2016
1284535123634,train,2016
1284535169722,train,2016
1284535248006,train,2016
1284535349163,train,2016
1284535970142,train,2016
1284536062004,train,2016
1284536420548,train,2016
1284536452647,train,2016
1284536499104,train,2016
1284536544326,train,2016
1284536559119,train,2016
1284536617135,train,2016
1284536619712,train,2016
1284536626866,train,2016
1284536655205,train,2016
1284536888483,train,2016
1284537036766,train,2016
1284537081901,train,2016
1284538341754,train,2016
1284539355025,train,2016
1284539396035,train,2016
1284540912059,train,2016
1284540947943,train,2016
1284541039743,train,2016
1284541284762,train,2016
1284541294503,train,2016
1284541570705,train,2016
1284542007545,train,2016
1284542018925,train,2016
1284542313496,train,2016
1284542495699,train,2016
1284543107312,train,2016
1284543163457,train,2016
1284543166094,train,2016
1284543168957,train,2016
1284543170452,train,2016
1284543174565,train,2016
1284543180713,train,2016
1284543205568,train,2016
1284543206514,train,2016
1284543218644,train,2016
1284543223342,train,2016
1284543237125,train,2016
1284543264454,train,2016
1284543271322,train,2016
1284543279754,train,2016
1284543295889,train,2016
1284543427531,train,2016
1284543583812,train,2016
1284543718367,train,2016
1284543729617,train,2016
1284544139695,train,2016
1284544416273,train,2016
1284544417943,train,2016
1284544587761,train,2016
1284544714238,train,2016
1284544716322,train,2016
1284544722156,train,2016
1284544722998,train,2016
1284544724896,train,2016
1284544745919,train,2016
1284544757807,train,2016
1284544778227,train,2016
1284544871254,train,2016
1284545087055,train,2016
1284545098097,train,2016
1284545100243,train,2016
1284547028208,train,2016
1284547054609,train,2016
1284547106670,train,2016
1284547495032,train,2016
1284547602699,train,2016
1284547807469,train,2016
1284548485803,train,2016
1284548616002,train,2016
1284548717347,train,2016
1284550340186,train,2016
1284550345360,train,2016
1284550379458,train,2016
1284550481399,train,2016
1284550661592,train,2016
1284550688469,train,2016
1284550802889,train,2016
1284550991043,train,2016
1284551155666,train,2016
1284552194643,train,2016
1284552222912,train,2016
1284552229378,train,2016
1284552230526,train,2016
1284552232501,train,2016
1284552242244,train,2016
1284552246179,train,2016
1284552261484,train,2016
1284552264193,train,2016
1284552280321,train,2016
1284552283258,train,2016
1284552284769,train,2016
1284552560609,train,2016
1284552565681,train,2016
1284552715538,train,2016
1284552830706,train,2016
1284553072016,train,2016
1284553089555,train,2016
1284553287207,train,2016
1284553423333,train,2016
1284553705943,train,2016
1284553721093,train,2016
1284553975116,train,2016
1284553996538,train,2016
1284554072535,train,2016
1284554079748,train,2016
1284554084617,train,2016
1284554096839,train,2016
1284554098206,train,2016
1284554133065,train,2016
1284554181873,train,2016
1284554418658,train,2016
1284555991467,train,2016
1284556010153,train,2016
1284556023508,train,2016
1284556026577,train,2016
1284556029699,train,2016
1284556033581,train,2016
1284556039274,train,2016
1284556368141,train,2016
1284556484131,train,2016
1284557785499,train,2016
1284557882884,train,2016
1284558224905,train,2016
1284558242048,train,2016
1284558258901,train,2016
1284558262765,train,2016
1284558275456,train,2016
1284558279363,train,2016
1284558283795,train,2016
1284558847211,train,2016
1284558853414,train,2016
1284559150033,train,2016
1284559372421,train,2016
1284559454197,train,2016
1284560012115,train,2016
1284560493791,train,2016
1284560780146,train,2016
1284560914030,train,2016
1284560940069,train,2016
1284560950876,train,2016
1284560957826,train,2016
1284560983252,train,2016
1284561137383,train,2016
1284561431400,train,2016
1284561538629,train,2016
1284561903324,train,2016
1284562344800,train,2016
1284562562387,train,2016
1284562711937,train,2016
1284563203166,train,2016
1284563518774,train,2016
1284563522566,train,2016
1284563541355,train,2016
1284563554110,train,2016
1284563566836,train,2016
1284563570618,train,2016
1284563575142,train,2016
1284563580445,train,2016
1284563590119,train,2016
1284563613048,train,2016
1284564089314,train,2016
1284564109027,train,2016
1284564434964,train,2016
1284564902846,train,2016
1284565162585,train,2016
1284565553718,train,2016
1284565606009,train,2016
1284565783187,train,2016
1284565796810,train,2016
1284566371030,train,2016
1284566393867,train,2016
1284566402434,train,2016
1284566424441,train,2016
1284566437574,train,2016
1284567269085,train,2016
1284567315731,train,2016
1284568469150,train,2016
1284568484253,train,2016
1284568558010,train,2016
1284568575417,train,2016
1284568674900,train,2016
1284568825835,train,2016
1284569499396,train,2016
1284569798448,train,2016
1284569791075,train,2016
1284569813094,train,2016
1284569828353,train,2016
1284569831847,train,2016
1284569837682,train,2016
1284570393180,train,2016
1284571246445,train,2016
1284571626876,train,2016
1284572325356,train,2016
1284572347191,train,2016
1284572450516,train,2016
1284572795374,train,2016
1284572841377,train,2016
1284572899988,train,2016
1284572905339,train,2016
1284572915747,train,2016
1284572926556,train,2016
1284572981384,train,2016
1284573445878,train,2016
1284577007353,train,2016
1284578658241,train,2016
1284579423118,train,2016
1284580751660,train,2016
1284582062350,train,2016
1284582102767,train,2016
1284582121249,train,2016
1284582238866,train,2016
1284582261373,train,2016
1284583525490,train,2016
1284583764374,train,2016
1284583854972,train,2016
1284584756075,train,2016
1284585446064,train,2016
1284585954205,train,2016
1284587289634,train,2016
1284589380411,train,2016
1284590017360,train,2016
1284590258861,train,2016
1284591619458,train,2016
1284592077073,train,2016
1284592167999,train,2016
1284596027377,train,2016
1284597157954,train,2016
1284599598827,train,2016
1284604831571,train,2016
1284605938280,train,2016
1284607320892,train,2016
1284607940115,train,2016
1284610295493,train,2016
1284610378627,train,2016
1284610985614,train,2016
1284611023364,train,2016
1284611474901,train,2016
1284613331626,train,2016
1284615475697,train,2016
1284615625502,train,2016
1284616725511,train,2016
1284616976152,train,2016
1284618209945,train,2016
1284618649051,train,2016
1284618970149,train,2016
1284619269998,train,2016
1284620593043,train,2016
1284621703940,train,2016
1284621906598,train,2016
1284621988827,train,2016
1284622977037,train,2016
1284623000318,train,2016
1284623033163,train,2016
1284623057212,train,2016
1284623087769,train,2016
1284623393760,train,2016
1284623398166,train,2016
1284623401993,train,2016
1284623553932,train,2016
1284623695016,train,2016
1284623959497,train,2016
1284624218591,train,2016
1284624291098,train,2016
1284624334142,train,2016
1284624335568,train,2016
1284624338254,train,2016
1284624552375,train,2016
1284624652940,train,2016
1284624658740,train,2016
1284624666850,train,2016
1284624672619,train,2016
1284624691226,train,2016
1284624694317,train,2016
1284624698647,train,2016
1284624702782,train,2016
1284624705162,train,2016
1284624712313,train,2016
1284624724332,train,2016
1284624734628,train,2016
1284624752924,train,2016
1284624766570,train,2016
1284624850069,train,2016
1284625163752,train,2016
1284625193436,train,2016
1284625204496,train,2016
1284625245652,train,2016
1284626175964,train,2016
1284626200260,train,2016
1284626482048,train,2016
1284626494528,train,2016
1284626900851,train,2016
1284626906013,train,2016
1284626912029,train,2016
1284627325345,train,2016
1284627334097,train,2016
1284627337466,train,2016
1284627342582,train,2016
1284627351527,train,2016
1284627361254,train,2016
1284627366976,train,2016
1284627384149,train,2016
1284627523825,train,2016
1284627580375,train,2016
1284627613025,train,2016
1284627700021,train,2016
1284627784322,train,2016
1284628043616,train,2016
1284628208524,train,2016
1284628211574,train,2016
1284628224475,train,2016
1284628395303,train,2016
1284628402607,train,2016
1284629032094,train,2016
1284629463792,train,2016
1284629468930,train,2016
1284629471930,train,2016
1284629479796,train,2016
1284629524342,train,2016
1284629547137,train,2016
1284629562341,train,2016
1284629580333,train,2016
1284629594681,train,2016
1284629621496,train,2016
1284629640908,train,2016
1284630225651,train,2016
1284630247748,train,2016
1284630275638,train,2016
1284630267091,train,2016
1284630439999,train,2016
1284630746089,train,2016
1284630967798,train,2016
1284630981506,train,2016
1284631036888,train,2016
1284631262383,train,2016
1284631348949,train,2016
1284631640016,train,2016
1284631646712,train,2016
1284631726855,train,2016
1284631827966,train,2016
1284632014154,train,2016
1284632020011,train,2016
1284632025415,train,2016
1284632037772,train,2016
1284632043842,train,2016
1284632047478,train,2016
1284632057462,train,2016
1284632073491,train,2016
1284632183805,train,2016
1284632259557,train,2016
1284632331624,train,2016
1284632498188,train,2016
1284632515173,train,2016
1284632563197,train,2016
1284632584219,train,2016
1284632624348,train,2016
1284632636129,train,2016
1284632740896,train,2016
1284633335063,train,2016
1284633567937,train,2016
1284633718733,train,2016
1284633738721,train,2016
1284633858725,train,2016
1284633882460,train,2016
1284633885786,train,2016
1284633899904,train,2016
1284633972308,train,2016
1284634896076,train,2016
1284635417634,train,2016
1284635863655,train,2016
1284635999771,train,2016
1284637403505,train,2016
1284637403720,train,2016
1284638208108,train,2016
1284638298408,train,2016
1284638319135,train,2016
1284638670168,train,2016
1284638897391,train,2016
1284640716830,train,2016
1284641614421,train,2016
1284642161556,train,2016
1284642535150,train,2016
1284642665918,train,2016
1284644031742,train,2016
1284644377430,train,2016
1284645514558,train,2016
1284645933010,train,2016
1284646319755,train,2016
1284646339424,train,2016
1284646409323,train,2016
1284646415446,train,2016
1284646789965,train,2016
1284646797591,train,2016
1284647621854,train,2016
1284647629030,train,2016
1284648414856,train,2016
1284648558636,train,2016
1284648566446,train,2016
1284648578951,train,2016
1284648582991,train,2016
1284648625708,train,2016
1284648628714,train,2016
1284648638657,train,2016
1284648647744,train,2016
1284649075242,train,2016
1284649176207,train,2016
1284649324044,train,2016
1284649545775,train,2016
1284649556565,train,2016
1284649615857,train,2016
1284649761177,train,2016
1284649802875,train,2016
1284649914908,train,2016
1284649963899,train,2016
1284650060327,train,2016
1284650671890,train,2016
1284650677910,train,2016
1284650717998,train,2016
1284651091008,train,2016
1284651234993,train,2016
1284651317572,train,2016
1284651594222,train,2016
1284651727118,train,2016
1284651734310,train,2016
1284651750033,train,2016
1284652061418,train,2016
1284652121675,train,2016
1284652436114,train,2016
1284652973592,train,2016
1284652978594,train,2016
1284652995822,train,2016
1284653111834,train,2016
1284653331158,train,2016
1284653583771,train,2016
1284653610015,train,2016
1284653611042,train,2016
1284653621030,train,2016
1284653637507,train,2016
1284653661748,train,2016
1284653668134,train,2016
1284654207322,train,2016
1284654654958,train,2016
1284654763201,train,2016
1284655119546,train,2016
1284655246633,train,2016
1284655366720,train,2016
1284655398367,train,2016
1284655406824,train,2016
1284655476619,train,2016
1284655510750,train,2016
1284655875241,train,2016
1284656201435,train,2016
1284656497941,train,2016
1284656675282,train,2016
1284656767667,train,2016
1284656775902,train,2016
1284656789856,train,2016
1284656802729,train,2016
1284656814805,train,2016
1284657066506,train,2016
1284657287155,train,2016
1284657642743,train,2016
1284657646544,train,2016
1284657649620,train,2016
1284657652741,train,2016
1284657667891,train,2016
1284657687946,train,2016
1284658076816,train,2016
1284658476149,train,2016
1284658689668,train,2016
1284658706832,train,2016
1284658711406,train,2016
1284658744928,train,2016
1284658769147,train,2016
1284658788460,train,2016
1284659072380,train,2016
1284659760184,train,2016
1284660207833,train,2016
1284660277338,train,2016
1284660285622,train,2016
1284660304408,train,2016
1284660338214,train,2016
1284660386210,train,2016
1284660804634,train,2016
1284660839209,train,2016
1284661130968,train,2016
1284661333769,train,2016
1284661338885,train,2016
1284661364500,train,2016
1284661372341,train,2016
1284661379378,train,2016
1284661385013,train,2016
1284661390201,train,2016
1284661394747,train,2016
1284661397824,train,2016
1284661417160,train,2016
1284661426749,train,2016
1284661438937,train,2016
1284661512387,train,2016
1284661641155,train,2016
1284661847332,train,2016
1284661918043,train,2016
1284662131194,train,2016
1284662425159,train,2016
1284662454208,train,2016
1284662751329,train,2016
1284662751874,train,2016
1284662752260,train,2016
1284662801062,train,2016
1284663359153,train,2016
1284663405806,train,2016
1284663659836,train,2016
1284663687534,train,2016
1284663690275,train,2016
1284663701341,train,2016
1284663702616,train,2016
1284663708653,train,2016
1284663738405,train,2016
1284663741273,train,2016
1284663752472,train,2016
1284664003250,train,2016
1284664037152,train,2016
1284664053016,train,2016
1284664071481,train,2016
1284664088847,train,2016
1284664673136,train,2016
1284664677381,train,2016
1284664706113,train,2016
1284665193484,train,2016
1284665854740,train,2016
1284665883474,train,2016
1284665888454,train,2016
1284665905565,train,2016
1284665925522,train,2016
1284666150058,train,2016
1284666160889,train,2016
1284666493769,train,2016
1284666928643,train,2016
1284292302802,train,2016
1284667029116,train,2016
1284667803699,train,2016
1284668512833,train,2016
1284668520055,train,2016
1284668652627,train,2016
1284668662637,train,2016
1284668683268,train,2016
1284668709349,train,2016
1284668730577,train,2016
1284668737267,train,2016
1284668823879,train,2016
1284668830644,train,2016
1284668835230,train,2016
1284668868550,train,2016
1284668900860,train,2016
1284668905416,train,2016
1284669590157,train,2016
1284669682973,train,2016
1284669696348,train,2016
1284669707091,train,2016
1284670424822,train,2016
1284670429679,train,2016
1284670596961,train,2016
1284670616826,train,2016
1284670640671,train,2016
1284671023331,train,2016
1284671191756,train,2016
1284671685641,train,2016
1284672380115,train,2016
1284672414322,train,2016
1284672440899,train,2016
1284672530160,train,2016
1284672555505,train,2016
1284672562649,train,2016
1284672662978,train,2016
1284673089540,train,2016
1284673536340,train,2016
1284673850824,train,2016
1284673976651,train,2016
1284674452034,train,2016
1284674587377,train,2016
1284674917105,train,2016
1284674982171,train,2016
1284675017849,train,2016
1284675027177,train,2016
1284675388786,train,2016
1284675504987,train,2016
1284675633291,train,2016
1284675786449,train,2016
1284676055555,train,2016
1284676515069,train,2016
1284676570872,train,2016
1284677159884,train,2016
1284677390992,train,2016
1284677484121,train,2016
1284677919836,train,2016
1284678027564,train,2016
1284678534803,train,2016
1284679202242,train,2016
1284679343249,train,2016
1284679450942,train,2016
1284679483929,train,2016
1284679497949,train,2016
1284679505506,train,2016
1284679652846,train,2016
1284680099097,train,2016
1284680219391,train,2016
1284680248929,train,2016
1284680638401,train,2016
1284680643353,train,2016
1284680649029,train,2016
1284680848648,train,2016
1284681247334,train,2016
1284681408555,train,2016
1284681449129,train,2016
1284681509496,train,2016
1284681586355,train,2016
1284681660182,train,2016
1284681907514,train,2016
1284682301664,train,2016
1284682440743,train,2016
1284683468161,train,2016
1284683627534,train,2016
1284684656631,train,2016
1284684949681,train,2016
1284684995641,train,2016
1284685032622,train,2016
1284685183218,train,2016
1284685500682,train,2016
1284685614339,train,2016
1284685791351,train,2016
1284686539678,train,2016
1284686572920,train,2016
1284686616877,train,2016
1284686959312,train,2016
1284687507705,train,2016
1284687518657,train,2016
1284687528060,train,2016
1284688967211,train,2016
1284689190658,train,2016
1284689706101,train,2016
1284690973923,train,2016
1284691629757,train,2016
1284691791612,train,2016
1284691866761,train,2016
1284692232192,train,2016
1284692243035,train,2016
1284692246764,train,2016
1284692847473,train,2016
1284692835813,train,2016
1284693040400,train,2016
1284693871673,train,2016
1284695035120,train,2016
1284695111206,train,2016
1284695135277,train,2016
1284695150056,train,2016
1284695227342,train,2016
1284695234192,train,2016
1284695477604,train,2016
1284695656480,train,2016
1284695724950,train,2016
1284695728552,train,2016
1284695757206,train,2016
1284695778090,train,2016
1284695784143,train,2016
1284695794570,train,2016
1284695799388,train,2017
1284695805924,train,2017
1284695831112,train,2017
1284695834654,train,2017
1284695840460,train,2017
1284696288511,train,2017
1284696545763,train,2017
1284696566957,train,2017
1284696782915,train,2017
1284696816903,train,2017
1284696828015,train,2017
1284696834543,train,2017
1284696894374,train,2017
1284696902046,train,2017
1284696912355,train,2017
1284696936928,train,2017
1284696960952,train,2017
1284697429472,train,2017
1284697472127,train,2017
1284697620600,train,2017
1284697629221,train,2017
1284697682046,train,2017
1284697702051,train,2017
1284697810660,train,2017
1284697857095,train,2017
1284697870726,train,2017
1284698277753,train,2017
1284698293881,train,2017
1284698320379,train,2017
1284698334551,train,2017
1284698356558,train,2017
1284699289318,train,2017
1284699304279,train,2017
1284699311013,train,2017
1284699325295,train,2017
1284699328769,train,2017
1284699336356,train,2017
1284699362835,train,2017
1284699742268,train,2017
1284699835451,train,2017
1284701042469,train,2017
1284701372332,train,2017
1284701513550,train,2017
1284701522374,train,2017
1284701919523,train,2017
1284701928635,train,2017
1284701954101,train,2017
1284701962694,train,2017
1284702002879,train,2017
1284702025876,train,2017
1284702008063,train,2017
1284702031331,train,2017
1284702034727,train,2017
1284702045837,train,2017
1284702328722,train,2017
1284702438255,train,2017
1284702440959,train,2017
1284702444587,train,2017
1284702451035,train,2017
1284702957714,train,2017
1284702972679,train,2017
1284702976815,train,2017
1284703309235,train,2017
1284703410932,train,2017
1284703761888,train,2017
1284703768873,train,2017
1284703781449,train,2017
1284703801701,train,2017
1284704182186,train,2017
1284704219170,train,2017
1284704229608,train,2017
1284704237082,train,2017
1284704243321,train,2017
1284704277294,train,2017
1284704280465,train,2017
1284704302939,train,2017
1284704583368,train,2017
1284705152291,train,2017
1284705161240,train,2017
1284705246082,train,2017
1284705424554,train,2017
1284705607405,train,2017
1284705642626,train,2017
1284705730766,train,2017
1284706431959,train,2017
1284706883207,train,2017
1284706890572,train,2017
1284706902798,train,2017
1284706905905,train,2017
1284706898778,train,2017
1284706909203,train,2017
1284706914372,train,2017
1284706918323,train,2017
1284706922195,train,2017
1284707390681,train,2017
1284707403476,train,2017
1284708010491,train,2017
1284708060880,train,2017
1284708069796,train,2017
1284708103255,train,2017
1284708368302,train,2017
1284708547002,train,2017
1284708563554,train,2017
1284709013306,train,2017
1284709019254,train,2017
1284709022042,train,2017
1284709286697,train,2017
1284709310416,train,2017
1284709321061,train,2017
1284709335379,train,2017
1284709351447,train,2017
1284709560565,train,2017
1284709741390,train,2017
1284709770538,train,2017
1284709819014,train,2017
1284709832918,train,2017
1284709941215,train,2017
1284710055460,train,2017
1284710184964,train,2017
1284710322705,train,2017
1284710345210,train,2017
1284710419184,train,2017
1284710584681,train,2017
1284710604398,train,2017
1284710609675,train,2017
1284710719373,train,2017
1284710768661,train,2017
1284710842294,train,2017
1284710869608,train,2017
1284711130238,train,2017
1284711133379,train,2017
1284711149484,train,2017
1284711419667,train,2017
1284711421506,train,2017
1284711633277,train,2017
1284711670521,train,2017
1284711910248,train,2017
1284711922639,train,2017
1284711928900,train,2017
1284711935439,train,2017
1284711936884,train,2017
1284712431217,train,2017
1284712445738,train,2017
1284712704090,train,2017
1284712706845,train,2017
1284712851623,train,2017
1284712998695,train,2017
1284713182112,train,2017
1284713244821,train,2017
1284713263417,train,2017
1284713273920,train,2017
1284713278909,train,2017
1284713303787,train,2017
1284713306002,train,2017
1284713309407,train,2017
1284713311725,train,2017
1284713323707,train,2017
1284713338828,train,2017
1284713341158,train,2017
1284713769809,train,2017
1284713774851,train,2017
1284713793893,train,2017
1284714318559,train,2017
1284714360802,train,2017
1284714489505,train,2017
1284714554221,train,2017
1284714572298,train,2017
1284714574744,train,2017
1284714806167,train,2017
1284714812191,train,2017
1284714824636,train,2017
1284714831230,train,2017
1284714836329,train,2017
1284714838621,train,2017
1284714839397,train,2017
1284714840862,train,2017
1284714846211,train,2017
1284714847452,train,2017
1284714849811,train,2017
1284714860613,train,2017
1284715350307,train,2017
1284715363855,train,2017
1284715589217,train,2017
1284715660736,train,2017
1284716205284,train,2017
1284716206119,train,2017
1284716313649,train,2017
1284716441051,train,2017
1284716445829,train,2017
1284716447910,train,2017
1284716459267,train,2017
1284716462551,train,2017
1284716469588,train,2017
1284716480784,train,2017
1284716719095,train,2017
1284716983120,train,2017
1284716992372,train,2017
1284717194395,train,2017
1284717431750,train,2017
1284717513868,train,2017
1284717581091,train,2017
1284717945766,train,2017
1284717959756,train,2017
1284717960566,train,2017
1284717971719,train,2017
1284717976876,train,2017
1284717983735,train,2017
1284718002054,train,2017
1284718269613,train,2017
1284718302254,train,2017
1284718307282,train,2017
1284718465922,train,2017
1284718571471,train,2017
1284718621679,train,2017
1284718639299,train,2017
1284719304968,train,2017
1284719583812,train,2017
1284719588005,train,2017
1284719594909,train,2017
1284719601874,train,2017
1284719603016,train,2017
1284719607414,train,2017
1284719815130,train,2017
1284719922709,train,2017
1284720248507,train,2017
1284720269826,train,2017
1284720282579,train,2017
1284720774734,train,2017
1284720815007,train,2017
1284720910127,train,2017
1284720984899,train,2017
1284720986026,train,2017
1284720995686,train,2017
1284721057095,train,2017
1284721218264,train,2017
1284721219072,train,2017
1284721240235,train,2017
1284721241571,train,2017
1284721242878,train,2017
1284721247321,train,2017
1284721248101,train,2017
1284721249368,train,2017
1284721250541,train,2017
1284721679176,train,2017
1284721900614,train,2017
1284721935634,train,2017
1284721947815,train,2017
1284721953925,train,2017
1284721971207,train,2017
1284721977151,train,2017
1284721979305,train,2017
1284721984638,train,2017
1284721986028,train,2017
1284722005222,train,2017
1284722006046,train,2017
1284722014071,train,2017
1284722015501,train,2017
1284722213672,train,2017
1284722236073,train,2017
1284722251652,train,2017
1284722265236,train,2017
1284722272089,train,2017
1284722278660,train,2017
1284722298813,train,2017
1284722915493,train,2017
1284722938541,train,2017
1284723050395,train,2017
1284723177713,train,2017
1284723180707,train,2017
1284723456800,train,2017
1284723585944,train,2017
1284723594651,train,2017
1284723595073,train,2017
1284723619175,train,2017
1284723620886,train,2017
1284723626013,train,2017
1284723640832,train,2017
1284723642967,train,2017
1284723676737,train,2017
1284723701042,train,2017
1284723947297,train,2017
1284723975073,train,2017
1284723976398,train,2017
1284724034938,train,2017
1284724174042,train,2017
1284724245362,train,2017
1284724497570,train,2017
1284724508184,train,2017
1284724510293,train,2017
1284724511593,train,2017
1284724730133,train,2017
1284724774398,train,2017
1284724782007,train,2017
1284724792710,train,2017
1284724795585,train,2017
1284724813726,train,2017
1284724815842,train,2017
1284724817475,train,2017
1284724818795,train,2017
1284724820248,train,2017
1284724828141,train,2017
1284725078815,train,2017
1284725132465,train,2017
1284725250789,train,2017
1284725399991,train,2017
1284725433585,train,2017
1284725674479,train,2017
1284725905075,train,2017
1284725907719,train,2017
1284725942919,train,2017
1284725945339,train,2017
1284725948572,train,2017
1284725962138,train,2017
1284725975540,train,2017
1284725976731,train,2017
1284725979014,train,2017
1284726290526,train,2017
1284726849587,train,2017
1284726864896,train,2017
1284726990824,train,2017
1284727159850,train,2017
1284727468327,train,2017
1284727469766,train,2017
1284727473412,train,2017
1284727877064,train,2017
1284728080929,train,2017
1284728085050,train,2017
1284728106533,train,2017
1284728957750,train,2017
1284728962344,train,2017
1284728964189,train,2017
1284728968713,train,2017
1284728973001,train,2017
1284728981119,train,2017
1284729209475,train,2017
1284729674709,train,2017
1284729690167,train,2017
1284729931947,train,2017
1284729972454,train,2017
1284729980118,train,2017
1284730290173,train,2017
1284730293422,train,2017
1284730298986,train,2017
1284730301618,train,2017
1284730312468,train,2017
1284730319560,train,2017
1284730333856,train,2017
1284730658783,train,2017
1284730718793,train,2017
1284730720911,train,2017
1284731013577,train,2017
1284731758939,train,2017
1284732076059,train,2017
1284732089518,train,2017
1284732093573,train,2017
1284732091384,train,2017
1284732101176,train,2017
1284732102753,train,2017
1284732186097,train,2017
1284732424601,train,2017
1284733001389,train,2017
1284733364464,train,2017
1284733412284,train,2017
1284733413078,train,2017
1284733415122,train,2017
1284733717046,train,2017
1284733729795,train,2017
1284733732338,train,2017
1284733733746,train,2017
1284733735116,train,2017
1284733735926,train,2017
1284733741068,train,2017
1284733747025,train,2017
1284733950655,train,2017
1284733951485,train,2017
1284734169179,train,2017
1284734178521,train,2017
1284734201745,train,2017
1284734374186,train,2017
1284734431406,train,2017
1284734448660,train,2017
1284734670586,train,2017
1284734692939,train,2017
1284734701771,train,2017
1284734714760,train,2017
1284734998069,train,2017
1284735002541,train,2017
1284735005905,train,2017
1284735017582,train,2017
1284735020184,train,2017
1284735025735,train,2017
1284735027504,train,2017
1284735037466,train,2017
1284735317271,train,2017
1284735596687,train,2017
1284735600779,train,2017
1284735606198,train,2017
1284735608592,train,2017
1284735867234,train,2017
1284736130871,train,2017
1284736134590,train,2017
1284736351803,train,2017
1284736405565,train,2017
1284736649350,train,2017
1284736651685,train,2017
1284736653666,train,2017
1284736710477,train,2017
1284736913553,train,2017
1284737627402,train,2017
1284737922945,train,2017
1284737946052,train,2017
1284737962988,train,2017
1284738267717,train,2017
1284738270626,train,2017
1284738529557,train,2017
1284738879589,train,2017
1284738880893,train,2017
1284738882777,train,2017
1284739195403,train,2017
1284739210090,train,2017
1284739488683,train,2017
1284739490041,train,2017
1284739498981,train,2017
1284739506692,train,2017
1284739513039,train,2017
1284739515032,train,2017
1284739806811,train,2017
1284740133742,train,2017
1284740135574,train,2017
1284740155579,train,2017
1284740164360,train,2017
1284740166340,train,2017
1284740170461,train,2017
1284740407485,train,2017
1284740428391,train,2017
1284740435328,train,2017
1284740473198,train,2017
1284740725027,train,2017
1284740726432,train,2017
1284740986011,train,2017
1284740991921,train,2017
1284740993232,train,2017
1284740997915,train,2017
1284741000053,train,2017
1284741004693,train,2017
1284741006936,train,2017
1284741010921,train,2017
1284741019101,train,2017
1284741020546,train,2017
1284741030750,train,2017
1284741034563,train,2017
1284741051509,train,2017
1284741052809,train,2017
1284741257169,train,2017
1284741283018,train,2017
1284741695601,train,2017
1284741838366,train,2017
1284742144148,train,2017
1284742151550,train,2017
1284742191329,train,2017
1284742317029,train,2017
1284742327345,train,2017
1284742371915,train,2017
1284742381470,train,2017
1284742384506,train,2017
1284742387850,train,2017
1284742388708,train,2017
1284742391360,train,2017
1284742393602,train,2017
1284742400663,train,2017
1284742405478,train,2017
1284742406910,train,2017
1284742410413,train,2017
1284742411918,train,2017
1284742413760,train,2017
1284742693955,train,2017
1284742949172,train,2017
1284742962712,train,2017
1284742973343,train,2017
1284743194587,train,2017
1284743646326,train,2017
1284743723326,train,2017
1284743936637,train,2017
1284743938026,train,2017
1284743954915,train,2017
1284743964146,train,2017
1284743967584,train,2017
1284743972634,train,2017
1284743989313,train,2017
1284743992362,train,2017
1284743994514,train,2017
1284744253563,train,2017
1284744548752,train,2017
1284744792195,train,2017
1284744804357,train,2017
1284744804831,train,2017
1284744993620,train,2017
1284745012111,train,2017
1284745220749,train,2017
1284745226106,train,2017
1284745235418,train,2017
1284745237508,train,2017
1284745240247,train,2017
1284745243231,train,2017
1284745243398,train,2017
1284745245410,train,2017
1284745254984,train,2017
1284745263724,train,2017
1284745266600,train,2017
1284745281458,train,2017
1284745459485,train,2017
1284745513443,train,2017
1284745521505,train,2017
1284745610283,train,2017
1284745623437,train,2017
1284745623683,train,2017
1284745624498,train,2017
1284745628530,train,2017
1284745641816,train,2017
1284745832382,train,2017
1284745837256,train,2017
1284745843936,train,2017
1284745872599,train,2017
1284745939437,train,2017
1284746010120,train,2017
1284746202436,train,2017
1284746204273,train,2017
1284746205617,train,2017
1284746214515,train,2017
1284746227176,train,2017
1284746228421,train,2017
1284746234992,train,2017
1284746236501,train,2017
1284746237285,train,2017
1284746239829,train,2017
1284746246108,train,2017
1284746246999,train,2017
1284746302233,train,2017
1284746355624,train,2017
1284746355827,train,2017
1284746379937,train,2017
1284746380260,train,2017
1284746382644,train,2017
1284746485598,train,2017
1284746529078,train,2017
1284746763321,train,2017
1284746864698,train,2017
1284746948926,train,2017
1284746951651,train,2017
1284746962979,train,2017
1284746963302,train,2017
1284746971394,train,2017
1284746973360,train,2017
1284747248894,train,2017
1284747254312,train,2017
1284747468785,train,2017
1284747483088,train,2017
1284747486192,train,2017
1284747697867,train,2017
1284747700049,train,2017
1284747862721,train,2017
1284747891447,train,2017
1284747895090,train,2017
1284747897491,train,2017
1284748107418,train,2017
1284748105700,train,2017
1284748125677,train,2017
1284748131269,train,2017
1284748265081,train,2017
1284748353237,train,2017
1284748711786,train,2017
1284748770232,train,2017
1284748949471,train,2017
1284749173418,train,2017
1284749395637,train,2017
1284749413749,train,2017
1284749414252,train,2017
1284749624917,train,2017
1284749821160,train,2017
1284749850772,train,2017
1284749866827,train,2017
1284750071470,train,2017
1284750229271,train,2017
1284750236674,train,2017
1284750242472,train,2017
1284750244254,train,2017
1284750255348,train,2017
1284750278718,train,2017
1284750301386,train,2017
1284750268893,train,2017
1284750275918,train,2017
1284750732495,train,2017
1284750734530,train,2017
1284750746543,train,2017
1284750844559,train,2017
1284750905121,train,2017
1284751075988,train,2017
1284751169372,train,2017
1284751465642,train,2017
1284751561156,train,2017
1284751594288,train,2017
1284751807868,train,2017
1284751826340,train,2017
1284751852797,train,2017
1284751854956,train,2017
1284752819883,train,2017
1284752905984,train,2017
1284752935011,train,2017
1284752939980,train,2017
1284752945602,train,2017
1284752951722,train,2017
1284752962130,train,2017
1284753071883,train,2017
1284753179615,train,2017
1284754247613,train,2017
1284754272184,train,2017
1284754274517,train,2017
1284754495440,train,2017
1284754559344,train,2017
1284754566870,train,2017
1284754614402,train,2017
1284754737338,train,2017
1284754814220,train,2017
1284754869675,train,2017
1284755210981,train,2017
1284755214233,train,2017
1284755391719,train,2017
1284755502723,train,2017
1284755508007,train,2017
1284755555006,train,2017
1284755785767,train,2017
1284755792332,train,2017
1284755796634,train,2017
1284755802751,train,2017
1284755804828,train,2017
1284755812845,train,2017
1284755819847,train,2017
1284755821184,train,2017
1284755823621,train,2017
1284756072338,train,2017
1284756109325,train,2017
1284756389819,train,2017
1284756514371,train,2017
1284756553007,train,2017
1284756874246,train,2017
1284756905949,train,2017
1284757014244,train,2017
1284757035678,train,2017
1284757052112,train,2017
1284757053457,train,2017
1284757061217,train,2017
1284757069082,train,2017
1284757079182,train,2017
1284757253044,train,2017
1284757304211,train,2017
1284757375850,train,2017
1284757461319,train,2017
1284757873159,train,2017
1284758176966,train,2017
1284758195819,train,2017
1284758481611,train,2017
1284758486365,train,2017
1284758493190,train,2017
1284758495223,train,2017
1284758535725,train,2017
1284758919958,train,2017
1284759286239,train,2017
1284759293355,train,2017
1284759294729,train,2017
1284759465728,train,2017
1284759619983,train,2017
1284759625327,train,2017
1284759643545,train,2017
1284759899818,train,2017
1284759935582,train,2017
1284759942560,train,2017
1284760166335,train,2017
1284760221718,train,2017
1284760227657,train,2017
1284760232599,train,2017
1284760232762,train,2017
1284760573702,train,2017
1284761023434,train,2017
1284761028273,train,2017
1284761040029,train,2017
1284761047933,train,2017
1284761055527,train,2017
1284761056875,train,2017
1284761059170,train,2017
1284761372356,train,2017
1284761392847,train,2017
1284761394175,train,2017
1284761699436,train,2017
1284761705242,train,2017
1284761709437,train,2017
1284761752522,train,2017
1284761755475,train,2017
1284761756371,train,2017
1284761770981,train,2017
1284762054910,train,2017
1284762351762,train,2017
1284762358244,train,2017
1284762558692,train,2017
1284762890138,train,2017
1284762904612,train,2017
1284763047229,train,2017
1284763222510,train,2017
1284763223543,train,2017
1284763225428,train,2017
1284763228723,train,2017
1284763230374,train,2017
1284763236905,train,2017
1284763499951,train,2017
1284763730968,train,2017
1284763788058,train,2017
1284763789671,train,2017
1284763804496,train,2017
1284764091042,train,2017
1284764441406,train,2017
1284764447772,train,2017
1284764723802,train,2017
1284764731674,train,2017
1284764737872,train,2017
1284764743366,train,2017
1284764748961,train,2017
1284764754646,train,2017
1284764979540,train,2017
1284765044679,train,2017
1284765172816,train,2017
1284765372569,train,2017
1284765667141,train,2017
1284766005286,train,2017
1284766167494,train,2017
1284766230972,train,2017
1284766258179,train,2017
1284766273721,train,2017
1284766283871,train,2017
1284766535820,train,2017
1284766559756,train,2017
1284766560550,train,2017
1284766864678,train,2017
1284766879488,train,2017
1284766921129,train,2017
1284767086755,train,2017
1284767242544,train,2017
1284767258171,train,2017
1284767707296,train,2017
1284767722584,train,2017
1284767758331,train,2017
1284767772086,train,2017
1284768211904,train,2017
1284768216103,train,2017
1284768218092,train,2017
1284768229732,train,2017
1284768247273,train,2017
1284768391051,train,2017
1284768712327,train,2017
1284768709419,train,2017
1284768909096,train,2017
1284768917157,train,2017
1284768924788,train,2017
1284768933138,train,2017
1284769027060,train,2017
1284769121873,train,2017
1284769127299,train,2017
1284769129646,train,2017
1284769134253,train,2017
1284769138979,train,2017
1284769139162,train,2017
1284769144815,train,2017
1284769150144,train,2017
1284769161588,train,2017
1284769163095,train,2017
1284769165173,train,2017
1284769177881,train,2017
1284769216487,train,2017
1284769598473,train,2017
1284769599840,train,2017
1284769884878,train,2017
1284769888943,train,2017
1284769979048,train,2017
1284770169604,train,2017
1284770181644,train,2017
1284770195047,train,2017
1284771090495,train,2017
1284771098064,train,2017
1284771103184,train,2017
1284771104019,train,2017
1284771113295,train,2017
1284771117280,train,2017
1284771121400,train,2017
1284771125870,train,2017
1284771127319,train,2017
1284771129700,train,2017
1284771133876,train,2017
1284771147219,train,2017
1284771789587,train,2017
1284771799544,train,2017
1284771802283,train,2017
1284771803725,train,2017
1284772070783,train,2017
1284772429279,train,2017
1284772836741,train,2017
1284772840518,train,2017
1284772925890,train,2017
1284772928423,train,2017
1284772929203,train,2017
1284772939260,train,2017
1284772945474,train,2017
1284772946719,train,2017
1284772948728,train,2017
1284772952625,train,2017
1284773225249,train,2017
1284773282588,train,2017
1284773462357,train,2017
1284773463364,train,2017
1284773510651,train,2017
1284774128111,train,2017
1284774143072,train,2017
1284774152710,train,2017
1284774419829,train,2018
1284774455271,train,2018
1284774456216,train,2018
1284774504846,train,2018
1284774511785,train,2018
1284774599655,train,2018
1284774637249,train,2018
1284774835226,train,2018
1284774841344,train,2018
1284775347286,train,2018
1284775421544,train,2018
1284775874053,train,2018
1284776082789,train,2018
1284776415521,train,2018
1284776596480,train,2018
1284776632212,train,2018
1284776638801,train,2018
1284776663765,train,2018
1284776886019,train,2018
1284776890453,train,2018
1284776892635,train,2018
1284776897012,train,2018
1284776901499,train,2018
1284776902939,train,2018
1284776915845,train,2018
1284777119065,train,2018
1284777487175,train,2018
1284777743536,train,2018
1284777809862,train,2018
1284777930324,train,2018
1284778064058,train,2018
1284778337867,train,2018
1284778359105,train,2018
1284778367907,train,2018
1284778370341,train,2018
1284778486733,train,2018
1284779590740,train,2018
1284779764542,train,2018
1284779770544,train,2018
1284779773486,train,2018
1284780101903,train,2018
1284780352045,train,2018
1284780359707,train,2018
1284780360958,train,2018
1284780533400,train,2018
1284780653495,train,2018
1284780743689,train,2018
1284780897227,train,2018
1284780932914,train,2018
1284780933808,train,2018
1284781261163,train,2018
1284781278663,train,2018
1284781290451,train,2018
1284781308504,train,2018
1284781466018,train,2018
1284781560185,train,2018
1284782271605,train,2018
1284782919376,train,2018
1284782952985,train,2018
1284782958043,train,2018
1284782990628,train,2018
1284784632603,train,2018
1284782992108,train,2018
1284783007906,train,2018
1284783298587,train,2018
1284783375448,train,2018
1284783640268,train,2018
1284783651843,train,2018
1284783770218,train,2018
1284784025182,train,2018
1284784090957,train,2018
1284784104222,train,2018
1284784178772,train,2018
1284784639172,train,2018
1284784647291,train,2018
1284784656860,train,2018
1284784658078,train,2018
1284785083694,train,2018
1284785376102,train,2018
1284785630129,train,2018
1284785754796,train,2018
1284786182743,train,2018
1284786195142,train,2018
1284786540416,train,2018
1284786543180,train,2018
1284786547370,train,2018
1284786559990,train,2018
1284786557157,train,2018
1284786558593,train,2018
1284786566307,train,2018
1284786613881,train,2018
1284786643960,train,2018
1284786605602,train,2018
1284786825557,train,2018
1284786913541,train,2018
1284787620392,train,2018
1284787645334,train,2018
1284787978273,train,2018
1284788320641,train,2018
1284788324425,train,2018
1284788325385,train,2018
1284788326523,train,2018
1284788335731,train,2018
1284789234717,train,2018
1284789971924,train,2018
1284789984340,train,2018
1284790002352,train,2018
1284790003603,train,2018
1284790515015,train,2018
1284790653357,train,2018
1284790657815,train,2018
1284791182237,train,2018
1284791765847,train,2018
1284791763469,train,2018
1284791773493,train,2018
1284791774406,train,2018
1284792268317,train,2018
1284792276546,train,2018
1284792584625,train,2018
1284792624123,train,2018
1284792748894,train,2018
1284793175243,train,2018
1284793222569,train,2018
1284793239466,train,2018
1284793247168,train,2018
1284793662707,train,2018
1284793698395,train,2018
1284793983280,train,2018
1284793994548,train,2018
1284793996884,train,2018
1284794009316,train,2018
1284794015471,train,2018
1284794016775,train,2018
1284794038831,train,2018
1284794040006,train,2018
1284794251764,train,2018
1284794553153,train,2018
1284795301827,train,2018
1284795305113,train,2018
1284795605475,train,2018
1284795631230,train,2018
1284795658264,train,2018
1284795767815,train,2018
1284795785856,train,2018
1284795942689,train,2018
1284796178244,train,2018
1284796259401,train,2018
1284796527272,train,2018
1284797059499,train,2018
1284797076227,train,2018
1284797080985,train,2018
1284797393298,train,2018
1284797649263,train,2018
1284797668642,train,2018
1284798407668,train,2018
1284798683563,train,2018
1284798681886,train,2018
1284798696308,train,2018
1284798730100,train,2018
1284798738837,train,2018
1284798771330,train,2018
1284798956746,train,2018
1284798958554,train,2018
1284799273459,train,2018
1284799295213,train,2018
1284799309204,train,2018
1284799545573,train,2018
1284799552007,train,2018
1284799565427,train,2018
1284799858120,train,2018
1284799869160,train,2018
1284799884400,train,2018
1284799905827,train,2018
1284799912606,train,2018
1284799915913,train,2018
1284800120479,train,2018
1284800121343,train,2018
1284800129177,train,2018
1284800283439,train,2018
1284800743682,train,2018
1284800746416,train,2018
1284801153209,train,2018
1284801162775,train,2018
1284801180117,train,2018
1284801189766,train,2018
1284801191131,train,2018
1284801191519,train,2018
1284801194824,train,2018
1284801197677,train,2018
1284801198275,train,2018
1284801214007,train,2018
1284801207519,train,2018
1284801555710,train,2018
1284801573772,train,2018
1284801575180,train,2018
1284801577361,train,2018
1284801903644,train,2018
1284801913036,train,2018
1284802287081,train,2018
1284802300207,train,2018
1284802523974,train,2018
1284802793360,train,2018
1284802793531,train,2018
1284802794227,train,2018
1284802829310,train,2018
1284802872508,train,2018
1284802880333,train,2018
1284802930692,train,2018
1284803072835,train,2018
1284803091964,train,2018
1284803101407,train,2018
1284803243922,train,2018
1284803521175,train,2018
1284804139455,train,2018
1284804140793,train,2018
1284804151793,train,2018
1284804152377,train,2018
1284804156152,train,2018
1284804158456,train,2018
1284804160011,train,2018
1284804165296,train,2018
1284804175165,train,2018
1284804248829,train,2018
1284804274268,train,2018
1284804399345,train,2018
1284804516923,train,2018
1284804905602,train,2018
1284805074848,train,2018
1284805117983,train,2018
1284805261670,train,2018
1284805349566,train,2018
1284805614707,train,2018
1284805616256,train,2018
1284805636365,train,2018
1284805636604,train,2018
1284805857096,train,2018
1284805865445,train,2018
1284806083708,train,2018
1284806087634,train,2018
1284806392030,train,2018
1284806659391,train,2018
1284806664403,train,2018
1284806978124,train,2018
1284806980563,train,2018
1284806991513,train,2018
1284807253945,train,2018
1284807585871,train,2018
1284807647462,train,2018
1284807665092,train,2018
1284807685365,train,2018
1284807931454,train,2018
1284807933950,train,2018
1284808218643,train,2018
1284808470865,train,2018
1284808482338,train,2018
1284808490269,train,2018
1284808495404,train,2018
1284808776909,train,2018
1284808849647,train,2018
1284809247321,train,2018
1284809478813,train,2018
1284809514913,train,2018
1284809573278,train,2018
1284809711530,train,2018
1284809712983,train,2018
1284809714245,train,2018
1284809715418,train,2018
1284809722918,train,2018
1284809727828,train,2018
1284809739418,train,2018
1284810098748,train,2018
1284810306975,train,2018
1284810355481,train,2018
1284810360349,train,2018
1284810368585,train,2018
1284810637407,train,2018
1284810639543,train,2018
1284810651540,train,2018
1284810750730,train,2018
1284811018421,train,2018
1284811021547,train,2018
1284811038649,train,2018
1284811249305,train,2018
1284811283510,train,2018
1284811405911,train,2018
1284811418140,train,2018
1284811419423,train,2018
1284811422404,train,2018
1284811426849,train,2018
1284811427897,train,2018
1284811432163,train,2018
1284811437588,train,2018
1284811654511,train,2018
1284811680917,train,2018
1284811681697,train,2018
1284811699991,train,2018
1284811842683,train,2018
1284812092317,train,2018
1284812173205,train,2018
1284812327872,train,2018
1284812331649,train,2018
1284812426621,train,2018
1284812445289,train,2018
1284812448094,train,2018
1284812697459,train,2018
1284812700522,train,2018
1284812703649,train,2018
1284812705539,train,2018
1284812709204,train,2018
1284812712354,train,2018
1284812721136,train,2018
1284812723529,train,2018
1284812724353,train,2018
1284813455587,train,2018
1284813513975,train,2018
1284813517011,train,2018
1284813724533,train,2018
1284813725924,train,2018
1284813740860,train,2018
1284813800800,train,2018
1284813811743,train,2018
1284813902348,train,2018
1284813965759,train,2018
1284813969296,train,2018
1284813972501,train,2018
1284813975709,train,2018
1284813978990,train,2018
1284813981761,train,2018
1284813987626,train,2018
1284813991063,train,2018
1284813992352,train,2018
1284814128219,train,2018
1284814171995,train,2018
1284814179199,train,2018
1284814180030,train,2018
1284814367111,train,2018
1284814622667,train,2018
1284814639254,train,2018
1284814871446,train,2018
1284815050185,train,2018
1284815071768,train,2018
1284815076413,train,2018
1284815081739,train,2018
1284815086911,train,2018
1284815094998,train,2018
1284815091563,train,2018
1284815273346,train,2018
1284815274687,train,2018
1284815759285,train,2018
1284815797527,train,2018
1284815840848,train,2018
1284815936837,train,2018
1284816003106,train,2018
1284816150385,train,2018
1284816189964,train,2018
1284816194606,train,2018
1284816203026,train,2018
1284816206383,train,2018
1284816210662,train,2018
1284816217619,train,2018
1284816227449,train,2018
1284816235226,train,2018
1284816238556,train,2018
1284816238960,train,2018
1284816513863,train,2018
1284816516073,train,2018
1284816520434,train,2018
1284816718835,train,2018
1284816728507,train,2018
1284816734468,train,2018
1284816744092,train,2018
1284816925895,train,2018
1284817004204,train,2018
1284817124630,train,2018
1284817129094,train,2018
1284817131675,train,2018
1284817316015,train,2018
1284817316796,train,2018
1284817320216,train,2018
1284817317621,train,2018
1284817321571,train,2018
1284817322435,train,2018
1284817324069,train,2018
1284817327655,train,2018
1284817330224,train,2018
1284817331210,train,2018
1284817334387,train,2018
1284817337947,train,2018
1284817362188,train,2018
1284817498404,train,2018
1284817775764,train,2018
1284817779117,train,2018
1284817787733,train,2018
1284817792722,train,2018
1284817975447,train,2018
1284818154044,train,2018
1284818378745,train,2018
1284818381304,train,2018
1284818383274,train,2018
1284818394153,train,2018
1284818464692,train,2018
1284818561321,train,2018
1284818564469,train,2018
1284818755858,train,2018
1284818952410,train,2018
1284818969888,train,2018
1284819115998,train,2018
1284819216075,train,2018
1284819253154,train,2018
1284819257306,train,2018
1284819264699,train,2018
1284819267799,train,2018
1284819270407,train,2018
1284819277881,train,2018
1284819278671,train,2018
1284819430000,train,2018
1284819559940,train,2018
1284819566613,train,2018
1284819574412,train,2018
1284819579426,train,2018
1284819747042,train,2018
1284819749114,train,2018
1284819755401,train,2018
1284819796952,train,2018
1284819908244,train,2018
1284819916534,train,2018
1284819926340,train,2018
1284819938670,train,2018
1284819947868,train,2018
1284820081792,train,2018
1284820086189,train,2018
1284820089300,train,2018
1284820191976,train,2018
1284820273158,train,2018
1284820274509,train,2018
1284820490007,train,2018
1284820718213,train,2018
1284820779828,train,2018
1284820804282,train,2018
1284820926436,train,2018
1284820969166,train,2018
1284820974690,train,2018
1284820978992,train,2018
1284821142932,train,2018
1284821144896,train,2018
1284821148501,train,2018
1284821275904,train,2018
1284821307793,train,2018
1284821309363,train,2018
1284821310896,train,2018
1284821407036,train,2018
1284821520135,train,2018
1284821525620,train,2018
1284821528517,train,2018
1284821678092,train,2018
1284821769433,train,2018
1284821778958,train,2018
1284821788008,train,2018
1284821791984,train,2018
1284821799717,train,2018
1284821805011,train,2018
1284821808915,train,2018
1284821810215,train,2018
1284822029341,train,2018
1284822400916,train,2018
1284822651469,train,2018
1284822646689,train,2018
1284822728514,train,2018
1284822791057,train,2018
1284823037417,train,2018
1284823040700,train,2018
1284823046987,train,2018
1284823056207,train,2018
1284823253470,train,2018
1284823678736,train,2018
1284823682647,train,2018
1284823897536,train,2018
1284824102110,train,2018
1284824109270,train,2018
1284824119310,train,2018
1284824124539,train,2018
1284824134704,train,2018
1284824863648,train,2018
1284824933947,train,2018
1284825013503,train,2018
1284825029311,train,2018
1284825260064,train,2018
1284825261872,train,2018
1284825267033,train,2018
1284825273975,train,2018
1284825277020,train,2018
1284825281628,train,2018
1284825292218,train,2018
1284825300971,train,2018
1284825473578,train,2018
1284825723300,train,2018
1284826034220,train,2018
1284826215886,train,2018
1284826511240,train,2018
1284826515406,train,2018
1284826516908,train,2018
1284826523626,train,2018
1284826525969,train,2018
1284826533804,train,2018
1284826769305,train,2018
1284826984235,train,2018
1284827227652,train,2018
1284827367717,train,2018
1284827434749,train,2018
1284827456834,train,2018
1284827457252,train,2018
1284827789161,train,2018
1284827858173,train,2018
1284827917059,train,2018
1284827925915,train,2018
1284827929490,train,2018
1284828017127,train,2018
1284828163509,train,2018
1284828224046,train,2018
1284828358349,train,2018
1284828378675,train,2018
1284828556966,train,2018
1284828774525,train,2018
1284828787062,train,2018
1284828796723,train,2018
1284828798201,train,2018
1284828803888,train,2018
1284828805239,train,2018
1284828808984,train,2018
1284828813870,train,2018
1284828821329,train,2018
1284828826091,train,2018
1284828827904,train,2018
1284828829910,train,2018
1284828841164,train,2018
1284828844843,train,2018
1284828915947,train,2018
1284829056635,train,2018
1284829418824,train,2018
1284829508342,train,2018
1284829605322,train,2018
1284829851382,train,2018
1284829946851,train,2018
1284829948096,train,2018
1284829964208,train,2018
1284830124298,train,2018
1284830156106,train,2018
1284830157632,train,2018
1284830333728,train,2018
1284830336533,train,2018
1284830357870,train,2018
1284830628646,train,2018
1284830564170,train,2018
1284830717952,train,2018
1284830718189,train,2018
1284830749865,train,2018
1284830771672,train,2018
1284830969118,train,2018
1284830977259,train,2018
1284830980459,train,2018
1284830981226,train,2018
1284830989401,train,2018
1284830989564,train,2018
1284831001004,train,2018
1284831159486,train,2018
1284831362400,train,2018
1284831537254,train,2018
1284831546326,train,2018
1284831559464,train,2018
1284831561508,train,2018
1284831677991,train,2018
1284831851312,train,2018
1284831854000,train,2018
1284831966719,train,2018
1284832025748,train,2018
1284832023058,train,2018
1284832027112,train,2018
1284832027951,train,2018
1284832031271,train,2018
1284832032635,train,2018
1284832039203,train,2018
1284832042380,train,2018
1284832047640,train,2018
1284832052421,train,2018
1284832301734,train,2018
1284832331703,train,2018
1284832694569,train,2018
1284832815178,train,2018
1284833081291,train,2018
1284833082071,train,2018
1284833335383,train,2018
1284833342064,train,2018
1284833343317,train,2018
1284833358249,train,2018
1284833359550,train,2018
1284833507544,train,2018
1284833865970,train,2018
1284834148841,train,2018
1284834355768,train,2018
1284834360578,train,2018
1284834381027,train,2018
1284834566068,train,2018
1284834652757,train,2018
1284834652925,train,2018
1284834674491,train,2018
1284834676068,train,2018
1284834680731,train,2018
1284834989049,train,2018
1284835086594,train,2018
1284835113828,train,2018
1284835408751,train,2018
1284835427425,train,2018
1284835834432,train,2018
1284835862534,train,2018
1284835867700,train,2018
1284835880898,train,2018
1284835896617,train,2018
1284836127360,train,2018
1284836132709,train,2018
1284836135851,train,2018
1284836259779,train,2018
1284836287554,train,2018
1284836318426,train,2018
1284836327791,train,2018
1284836327956,train,2018
1284836650706,train,2018
1284836945106,train,2018
1284837273071,train,2018
1284837296648,train,2018
1284837305227,train,2018
1284837306024,train,2018
1284837312496,train,2018
1284837315033,train,2018
1284837315813,train,2018
1284837319897,train,2018
1284837440453,train,2018
1284837558334,train,2018
1284837576489,train,2018
1284837747233,train,2018
1284838025263,train,2018
1284838033495,train,2018
1284838037721,train,2018
1284838052455,train,2018
1284838160406,train,2018
1284838160581,train,2018
1284838168152,train,2018
1284838173846,train,2018
1284838174390,train,2018
1284838180786,train,2018
1284838190156,train,2018
1284838190918,train,2018
1284838192289,train,2018
1284838441034,train,2018
1284838703066,train,2018
1284838830039,train,2018
1284839315877,train,2018
1284839330367,train,2018
1284839340169,train,2018
1284839342090,train,2018
1284839344926,train,2018
1284839347750,train,2018
1284839351406,train,2018
1284839619772,train,2018
1284839632501,train,2018
1284839996166,train,2018
1284840058108,train,2018
1284840091432,train,2018
1284840099091,train,2018
1284840325099,train,2018
1284840595229,train,2018
1284840596586,train,2018
1284840633660,train,2018
1284840667619,train,2018
1284840679789,train,2018
1284840681002,train,2018
1284840682287,train,2018
1284840686494,train,2018
1284841247815,train,2018
1284841263138,train,2018
1284841267614,train,2018
1284841270102,train,2018
1284841271798,train,2018
1284841272414,train,2018
1284841366739,train,2018
1284841579181,train,2019
1284841718732,train,2019
1284841728957,train,2019
1284841844247,train,2019
1284841851224,train,2019
1284841854368,train,2019
1284841856881,train,2019
1284841858230,train,2019
1284841876274,train,2019
1284841878401,train,2019
1284841882924,train,2019
1284841902583,train,2019
1284841884847,train,2019
1284842050884,train,2019
1284842230718,train,2019
1284842537319,train,2019
1284842763498,train,2019
1284842769759,train,2019
1284842770552,train,2019
1284842788803,train,2019
1284843012270,train,2019
1284843261034,train,2019
1284843262379,train,2019
1284843382385,train,2019
1284843856554,train,2019
1284843893665,train,2019
1284843943818,train,2019
1284844083119,train,2019
1284844090065,train,2019
1284844093842,train,2019
1284844282561,train,2019
1284844532278,train,2019
1284844535706,train,2019
1284844834200,train,2019
1284844999206,train,2019
1284845011469,train,2019
1284845012774,train,2019
1284845227301,train,2019
1284845238751,train,2019
1284845337251,train,2019
1284845373805,train,2019
1284845381241,train,2019
1284845849840,train,2019
1284846153191,train,2019
1284846202641,train,2019
1284846788887,train,2019
1284846792872,train,2019
1284846837507,train,2019
1284847521624,train,2019
1284847796862,train,2019
1284847797986,train,2019
1284847816772,train,2019
1284848758236,train,2019
1284848987409,train,2019
1284849076195,train,2019
1284849217906,train,2019
1284849633732,train,2019
1284850037455,train,2019
1284850117855,train,2019
1284850123891,train,2019
1284850127321,train,2019
1284850226165,train,2019
1284850229143,train,2019
1284850690212,train,2019
1284850704821,train,2019
1284850774774,train,2019
1284850897886,train,2019
1284850902094,train,2019
1284851180753,train,2019
1284851286501,train,2019
1284851426291,train,2019
1284851543111,train,2019
1284851660282,train,2019
1284851995397,train,2019
1284852224609,train,2019
1284852226943,train,2019
1284852232011,train,2019
1284852497288,train,2019
1284852594729,train,2019
1284852722204,train,2019
1284852893775,train,2019
1284853322526,train,2019
1284853741818,train,2019
1284853748628,train,2019
1284854218782,train,2019
1284854225547,train,2019
1284854323106,train,2019
1284854323970,train,2019
1284854423214,train,2019
1284854634280,train,2019
1284854641406,train,2019
1284854853475,train,2019
1284855137137,train,2019
1284855553831,train,2019
1284856119485,train,2019
1284856347543,train,2019
1284856616196,train,2019
1284856646896,train,2019
1284856748140,train,2019
1284857206041,train,2019
1284857318546,train,2019
1284857356686,train,2019
1284857398336,train,2019
1284857565959,train,2019
1284857672071,train,2019
1284857680806,train,2019
1284857755840,train,2019
1284857837597,train,2019
1284858172038,train,2019
1284858351457,train,2019
1284858801923,train,2019
1284859470980,train,2019
1284859536436,train,2019
1284859536440,train,2019
1284859541062,train,2019
1284859842915,train,2019
1284859845349,train,2019
1284859917407,train,2019
1284860125926,train,2019
1284860222175,train,2019
1284860674860,train,2019
1284860786943,train,2019
1284860787670,train,2019
1284860900014,train,2019
1284860859901,train,2019
1284861093434,train,2019
1284861096458,train,2019
1284861104200,train,2019
1284861106536,train,2019
1284861111667,train,2019
1284861493262,train,2019
1284861575396,train,2019
1284861630684,train,2019
1284861961769,train,2019
1284862024594,train,2019
1284862027530,train,2019
1284862028863,train,2019
1284862211018,train,2019
1284862467373,train,2019
1284862594659,train,2019
1284862595933,train,2019
1284862597398,train,2019
1284862599660,train,2019
1284862613833,train,2019
1284862676967,train,2019
1284862677747,train,2019
1284862956988,train,2019
1284862962490,train,2019
1284862964706,train,2019
1284863428504,train,2019
1284863806253,train,2019
1284864174867,train,2019
1284864175718,train,2019
1284864180899,train,2019
1284864181354,train,2019
1284864181533,train,2019
1284864518912,train,2019
1284864686818,train,2019
1284864695282,train,2019
1284864834656,train,2019
1284864912136,train,2019
1284864923297,train,2019
1284864965036,train,2019
1284864978098,train,2019
1284864980541,train,2019
1284864987130,train,2019
1284865047747,train,2019
1284865143229,train,2019
1284865146758,train,2019
1284865149795,train,2019
1284866067171,train,2019
1284866074042,train,2019
1284866327226,train,2019
1284866391145,train,2019
1284866392636,train,2019
1284866442362,train,2019
1284866626475,train,2019
1284866782179,train,2019
1284866790602,train,2019
1284867069845,train,2019
1284867132548,train,2019
1284867139092,train,2019
1284867396692,train,2019
1284867418629,train,2019
1284867702017,train,2019
1284867789848,train,2019
1284867831529,train,2019
1284868076357,train,2019
1284868514507,train,2019
1284869062932,train,2019
1284869138139,train,2019
1284869357921,train,2019
1284869360525,train,2019
1284869364853,train,2019
1284869408720,train,2019
1284869416394,train,2019
1284869453225,train,2019
1284869454511,train,2019
1284869456424,train,2019
1284869460864,train,2019
1284869498993,train,2019
1284869517667,train,2019
1284869574531,train,2019
1284869584583,train,2019
1284869669726,train,2019
1284869771395,train,2019
1284869776495,train,2019
1284869856184,train,2019
1284870100831,train,2019
1284870101087,train,2019
1284870655112,train,2019
1284870656575,train,2019
1284870659503,train,2019
1284870690409,train,2019
1284870723311,train,2019
1284870957036,train,2019
1284870958325,train,2019
1284871321725,train,2019
1284871761328,train,2019
1284871766758,train,2019
1284871810908,train,2019
1284871829629,train,2019
1284872026169,train,2019
1284872072677,train,2019
1284872105765,train,2019
1284872124832,train,2019
1284872133167,train,2019
1284872380300,train,2019
1284872403395,train,2019
1284872404273,train,2019
1284872587557,train,2019
1284872588778,train,2019
1284872800871,train,2019
1284872872546,train,2019
1284873307695,train,2019
1284873494237,train,2019
1284873495164,train,2019
1284873541601,train,2019
1284873545564,train,2019
1284873547522,train,2019
1284873570642,train,2019
1284873576528,train,2019
1284873579828,train,2019
1284873709970,train,2019
1284873859740,train,2019
1284874163722,train,2019
1284874475211,train,2019
1284874483136,train,2019
1284874531707,train,2019
1284874538328,train,2019
1284874605125,train,2019
1284874690390,train,2019
1284874792097,train,2019
1284875006998,train,2019
1284875007778,train,2019
1284875030741,train,2019
1284875031954,train,2019
1284875039368,train,2019
1284875240221,train,2019
1284875247381,train,2019
1284875528206,train,2019
1284875564960,train,2019
1284875734948,train,2019
1284875853910,train,2019
1284876161995,train,2019
1284876209254,train,2019
1284876231838,train,2019
1284876236073,train,2019
1284876263183,train,2019
1284876374344,train,2019
1284876470165,train,2019
1284876685676,train,2019
1284877182886,train,2019
1284877186025,train,2019
1284877215973,train,2019
1284877393472,train,2019
1284877456100,train,2019
1284877465263,train,2019
1284877487595,train,2019
1284877491565,train,2019
1284877495924,train,2019
1284877498093,train,2019
1284877499048,train,2019
1284877854986,train,2019
1284878536147,train,2019
1284878537583,train,2019
1284878543440,train,2019
1284878546065,train,2019
1284878585011,train,2019
1284878803912,train,2019
1284878819184,train,2019
1284878849523,train,2019
1284878850780,train,2019
1284878859122,train,2019
1284878860509,train,2019
1284879126954,train,2019
1284879277689,train,2019
1284879577360,train,2019
1284879778545,train,2019
1284879841910,train,2019
1284879893663,train,2019
1284879924594,train,2019
1284880002086,train,2019
1284880003608,train,2019
1284880012935,train,2019
1284880016723,train,2019
1284880020476,train,2019
1284880021411,train,2019
1284880030190,train,2019
1284880037013,train,2019
1284880098918,train,2019
1284880228658,train,2019
1284880230479,train,2019
1284880248136,train,2019
1284880484351,train,2019
1284880491819,train,2019
1284880493649,train,2019
1284880798585,train,2019
1284880800442,train,2019
1284880949522,train,2019
1284881312094,train,2019
1284881370082,train,2019
1284881405663,train,2019
1284881407535,train,2019
1284881414719,train,2019
1284881422731,train,2019
1284881429595,train,2019
1284881431299,train,2019
1284881440208,train,2019
1284881656926,train,2019
1284881663122,train,2019
1284881682124,train,2019
1284881799637,train,2019
1284881839082,train,2019
1284881839247,train,2019
1284881859879,train,2019
1284882241533,train,2019
1284882517665,train,2019
1284882522789,train,2019
1284882526513,train,2019
1284882582860,train,2019
1284882755271,train,2019
1284882762032,train,2019
1284882767709,train,2019
1284882770603,train,2019
1284882783853,train,2019
1284882798673,train,2019
1284882801358,train,2019
1284882804137,train,2019
1284882807718,train,2019
1284882812979,train,2019
1284882837866,train,2019
1284882841849,train,2019
1284883043000,train,2019
1284883070931,train,2019
1284883156932,train,2019
1284883193961,train,2019
1284883349700,train,2019
1284883597284,train,2019
1284883610651,train,2019
1284883864007,train,2019
1284883864181,train,2019
1284883883661,train,2019
1284884110477,train,2019
1284884276844,train,2019
1284884290018,train,2019
1284884334174,train,2019
1284884399816,train,2019
1284884413930,train,2019
1284884552086,train,2019
1284884553361,train,2019
1284884678086,train,2019
1284884685569,train,2019
1284884691291,train,2019
1284884767526,train,2019
1284884788053,train,2019
1284884790810,train,2019
1284884803681,train,2019
1284884800933,train,2019
1284885002155,train,2019
1284885021484,train,2019
1284885083894,train,2019
1284885155545,train,2019
1284886231684,train,2019
1284886242617,train,2019
1284886249413,train,2019
1284886254629,train,2019
1284886257648,train,2019
1284886511526,train,2019
1284886586708,train,2019
1284886591409,train,2019
1284886594982,train,2019
1284886620701,train,2019
1284886728299,train,2019
1284887034273,train,2019
1284887103803,train,2019
1284887258228,train,2019
1284887369486,train,2019
1284887490265,train,2019
1284887486705,train,2019
1284887487664,train,2019
1284887492860,train,2019
1284887500583,train,2019
1284887502617,train,2019
1284887504893,train,2019
1284887508343,train,2019
1284887528349,train,2019
1284887542979,train,2019
1284887670388,train,2019
1284887672216,train,2019
1284887781602,train,2019
1284887890363,train,2019
1284887899640,train,2019
1284887925448,train,2019
1284888053471,train,2019
1284888076118,train,2019
1284888090514,train,2019
1284888191630,train,2019
1284888204958,train,2019
1284888209850,train,2019
1284888217297,train,2019
1284888223498,train,2019
1284888237283,train,2019
1284888257559,train,2019
1284888382102,train,2019
1284888382927,train,2019
1284888389932,train,2019
1284888481724,train,2019
1284888734795,train,2019
1284888926225,train,2019
1284888931480,train,2019
1284888954082,train,2019
1284889120836,train,2019
1284889133225,train,2019
1284889135125,train,2019
1284889159066,train,2019
1284889167903,train,2019
1284889168707,train,2019
1284889284007,train,2019
1284889561565,train,2019
1284889755908,train,2019
1284889963525,train,2019
1284889999942,train,2019
1284890194344,train,2019
1284890204473,train,2019
1284890205319,train,2019
1284890215435,train,2019
1284890218520,train,2019
1284890225760,train,2019
1284890228480,train,2019
1284890229367,train,2019
1284890231948,train,2019
1284890407121,train,2019
1284890775113,train,2019
1284890776939,train,2019
1284891031837,train,2019
1284891035421,train,2019
1284891357812,train,2019
1284891387152,train,2019
1284891534610,train,2019
1284891573529,train,2019
1284891574376,train,2019
1284891607311,train,2019
1284891614586,train,2019
1284891625448,train,2019
1284891626666,train,2019
1284891638637,train,2019
1284891642080,train,2019
1284891676837,train,2019
1284891716046,train,2019
1284892231877,train,2019
1284892237265,train,2019
1284892430931,train,2019
1284892522612,train,2019
1284892526584,train,2019
1284892530397,train,2019
1284892576132,train,2019
1284892605995,train,2019
1284892809428,train,2019
1284892914089,train,2019
1284892934729,train,2019
1284892931756,train,2019
1284892955708,train,2019
1284892964316,train,2019
1284893294876,train,2019
1284893296825,train,2019
1284893677635,train,2019
1284893934464,train,2019
1284894249081,train,2019
1284894266261,train,2019
1284894552143,train,2019
1284894554130,train,2019
1284894565333,train,2019
1284894605933,train,2019
1284894631687,train,2019
1284894829039,train,2019
1284894964425,train,2019
1284895273093,train,2019
1284895276441,train,2019
1284895600837,train,2019
1284895619025,train,2019
1284895717834,train,2019
1284896134243,train,2019
1284896169913,train,2019
1284896177160,train,2019
1284896186557,train,2019
1284896187323,train,2019
1284896190904,train,2019
1284896205000,train,2019
1284896216824,train,2019
1284896779198,train,2019
1284896954681,train,2019
1284896959576,train,2019
1284897343017,train,2019
1284897620736,train,2019
1284897663878,train,2019
1284898000009,train,2019
1284898004276,train,2019
1284898012909,train,2019
1284898015163,train,2019
1284898017095,train,2019
1284898019101,train,2019
1284898024670,train,2019
1284898027134,train,2019
1284898041376,train,2019
1284898094495,train,2019
1284898210723,train,2019
1284898390078,train,2019
1284898754509,train,2019
1284899583983,train,2019
1284899590958,train,2019
1284899595475,train,2019
1284899592981,train,2019
1284899608929,train,2019
1284899637143,train,2019
1284899641477,train,2019
1284899642516,train,2019
1284899916504,train,2019
1284899952517,train,2019
1284900189223,train,2019
1284900256081,train,2019
1284900968327,train,2019
1284901165046,train,2019
1284901195144,train,2019
1284901218053,train,2019
1284901440916,train,2019
1284901528056,train,2019
1284901651695,train,2019
1284902102550,train,2019
1284902110910,train,2019
1284902379540,train,2019
1284902394426,train,2019
1284902426255,train,2019
1284902698234,train,2019
1284902700274,train,2019
1284902715986,train,2019
1284902718650,train,2019
1284902731550,train,2019
1284902732283,train,2019
1284902743370,train,2019
1284902742550,train,2019
1284902804334,train,2019
1284903091537,train,2019
1284903237448,train,2019
1284903347933,train,2019
1284903539669,train,2019
1284903746663,train,2019
1284903905713,train,2019
1284903926441,train,2019
1284903998777,train,2019
1284904000598,train,2019
1284904009907,train,2019
1284904016736,train,2019
1284904027966,train,2019
1284904307092,train,2019
1284904394327,train,2019
1284904587291,train,2019
1284904591388,train,2019
1284904624415,train,2019
1284904782680,train,2019
1284904905820,train,2019
1284905083735,train,2019
1284905243588,train,2019
1284905625433,train,2019
1284905652757,train,2019
1284905683389,train,2019
1284906021785,train,2019
1284906338878,train,2019
1284906730754,train,2019
1284906765659,train,2019
1284906877434,train,2019
1284906907211,train,2019
1284907529434,train,2019
1284907575004,train,2019
1284907636129,train,2019
1284907637017,train,2019
1284907707430,train,2019
1284907712681,train,2019
1284907725422,train,2019
1284907882315,train,2019
1284908376672,train,2019
1284908472874,train,2019
1284908904294,train,2019
1284909265339,train,2019
1284909266442,train,2019
1284909336996,train,2019
1284909647141,train,2019
1284909717812,train,2019
1284909718618,train,2019
1284909722784,train,2019
1284909765198,train,2019
1284909772703,train,2019
1284910137077,train,2019
1284910240056,train,2019
1284910257477,train,2019
1284910595831,train,2019
1284911008718,train,2019
1284911441383,train,2019
1284911474871,train,2019
1284911910766,train,2019
1284911921627,train,2019
1284911986702,train,2019
1284911991096,train,2019
1284911993165,train,2019
1284912414683,train,2019
1284912476575,train,2019
1284912486260,train,2019
1284913198591,train,2019
1284913344763,train,2019
1284913580820,train,2019
1284913591514,train,2019
1284913598444,train,2019
1284913621765,train,2019
1284913668286,train,2019
1284913674330,train,2019
1284913683631,train,2019
1284913734685,train,2019
1284913727256,train,2019
1284913743178,train,2019
1284913745854,train,2019
1284913796722,train,2019
1284913810974,train,2019
1284913866301,train,2019
1284913870714,train,2019
1284913862165,train,2019
1284914199112,train,2019
1284914274845,train,2019
1284915163467,train,2019
1284915169129,train,2019
1284915186308,train,2019
1284915507661,train,2019
1284915588357,train,2019
1284915590192,train,2019
1284915638548,train,2019
1284915859287,train,2019
1284915948639,train,2019
1284915969096,train,2019
1284916020605,train,2019
1284916033867,train,2019
1284916039816,train,2019
1284916384006,train,2019
1284916467642,train,2019
1284916838258,train,2019
1284916975827,train,2019
1284917067321,train,2019
1284917134833,train,2019
1284917145035,train,2019
1284917161967,train,2019
1284917167265,train,2019
1284917363897,train,2019
1284917370550,train,2019
1284917427986,train,2019
1284917509974,train,2019
1284917531114,train,2019
1284917589352,train,2019
1284917649326,train,2019
1284917822280,train,2019
1284917936642,train,2019
1284917947272,train,2019
1284917956208,train,2019
1284918155172,train,2019
1284918459223,train,2019
1284918506616,train,2019
1284918523624,train,2019
1284918567063,train,2019
1284918560386,train,2019
1284918562582,train,2019
1284918572825,train,2019
1284918577042,train,2019
1284918629796,train,2019
1284918782316,train,2019
1284918834695,train,2019
1284918836710,train,2019
1284918846146,train,2019
1284918848850,train,2019
1284919017947,train,2020
1284919297743,train,2020
1284919436918,train,2020
1284919476254,train,2020
1284919486287,train,2020
1284919494052,train,2020
1284919532182,train,2020
1284919534002,train,2020
1284919537142,train,2020
1284919572110,train,2020
1284919915331,train,2020
1284920162073,train,2020
1284920194822,train,2020
1284920195924,train,2020
1284920198863,train,2020
1284920382974,train,2020
1284920541648,train,2020
1284920664341,train,2020
1284920848909,train,2020
1284920882341,train,2020
1284920886704,train,2020
1284920889757,train,2020
1284920890542,train,2020
1284921238818,train,2020
1284921239739,train,2020
1284921413238,train,2020
1284921450426,train,2020
1284921821900,train,2020
1284922125087,train,2020
1284922199037,train,2020
1284922306697,train,2020
1284922536843,train,2020
1284922597524,train,2020
1284922639281,train,2020
1284922701922,train,2020
1284923093816,train,2020
1284923284997,train,2020
1284923288965,train,2020
1284923290862,train,2020
1284923356425,train,2020
1284923366199,train,2020
1284923913606,train,2020
1284923968464,train,2020
1284924303665,train,2020
1284924305277,train,2020
1284924309489,train,2020
1284924428613,train,2020
1284924718968,train,2020
1284924789523,train,2020
1284924898443,train,2020
1284925084851,train,2020
1284925111087,train,2020
1284925112705,train,2020
1284925160880,train,2020
1284925163762,train,2020
1284925408557,train,2020
1284925521393,train,2020
1284925559745,train,2020
1284925810868,train,2020
1284925970717,train,2020
1284926286090,train,2020
1284926289573,train,2020
1284926300257,train,2020
1284926316132,train,2020
1284926324410,train,2020
1284927527139,train,2020
1284927567366,train,2020
1284927954213,train,2020
1284928561212,train,2020
1284928764678,train,2020
1284928767822,train,2020
1284928840771,train,2020
1284929261471,train,2020
1284929276915,train,2020
1284929354360,train,2020
1284929361871,train,2020
1284929419844,train,2020
1284929428107,train,2020
1284930120800,train,2020
1284930196876,train,2020
1284930192929,train,2020
1284930544492,train,2020
1284931284810,train,2020
1284931444995,train,2020
1284931457529,train,2020
1284931466887,train,2020
1284931501981,train,2020
1284931503643,train,2020
1284931514290,train,2020
1284931520882,train,2020
1284931524760,train,2020
1284931574748,train,2020
1284932050639,train,2020
1284932483758,train,2020
1284932723149,train,2020
1284933756942,train,2020
1284933764793,train,2020
1284933776713,train,2020
1284933840715,train,2020
1284933852200,train,2020
1284933888559,train,2020
1284933896467,train,2020
1284934063200,train,2020
1284934158655,train,2020
1284934253526,train,2020
1284934434498,train,2020
1284934752367,train,2020
1284935114039,train,2020
1284935175196,train,2020
1284935203764,train,2020
1284935470423,train,2020
1284935481731,train,2020
1284935880290,train,2020
1284935883325,train,2020
1284935931117,train,2020
1284935974329,train,2020
1284936003700,train,2020
1284936201283,train,2020
1284936350540,train,2020
1284936418220,train,2020
1284936693559,train,2020
1284936760181,train,2020
1284936775133,train,2020
1284936961772,train,2020
1284937881312,train,2020
1284937901820,train,2020
1284937905145,train,2020
1284937912486,train,2020
1284937914171,train,2020
1284937909860,train,2020
1284937914922,train,2020
1284938704724,train,2020
1284939659315,train,2020
1284939746069,train,2020
1284940051458,train,2020
1284940054190,train,2020
1284940154919,train,2020
1284940173280,train,2020
1284940204842,train,2020
1284940402738,train,2020
1284940483700,train,2020
1284940875784,train,2020
1284941071996,train,2020
1284941225118,train,2020
1284941267942,train,2020
1284941670009,train,2020
1284942384581,train,2020
1284943026053,train,2020
1284943263105,train,2020
1284943991108,train,2020
1284944225908,train,2020
1284944850783,train,2020
1284945299955,train,2020
1284945359675,train,2020
1284945595986,train,2020
1284945722782,train,2020
1284946040765,train,2020
1284947462449,train,2020
1284947814060,train,2020
1284947986284,train,2020
1284948858945,train,2020
1284949446730,train,2020
1284949447629,train,2020
1284949883303,train,2020
1284949981759,train,2020
1284950253073,train,2020
1284950301539,train,2020
1284950702017,train,2020
1284950742473,train,2020
1284951042713,train,2020
1284951608123,train,2020
1284951681750,train,2020
1284951830781,train,2020
1284952348402,train,2020
1284952576420,train,2020
1284952725009,train,2020
1284952878376,train,2020
1284953176811,train,2020
1284953181871,train,2020
1284953211842,train,2020
1284953370026,train,2020
1284953605278,train,2020
1284953940421,train,2020
1284954264361,train,2020
1284954604680,train,2020
1284954847055,train,2020
1284954866000,train,2020
1284954913824,train,2020
1284954992732,train,2020
1284954999260,train,2020
1284955424879,train,2020
1284956013988,train,2020
1284956020304,train,2020
1284956887296,train,2020
1284956964181,train,2020
1284956966424,train,2020
1284957114566,train,2020
1284957322664,train,2020
1284957334107,train,2020
1284957594038,train,2020
1284957607625,train,2020
1284958415089,train,2020
1284958459579,train,2020
1284958756985,train,2020
1284958809587,train,2020
1284958910561,train,2020
1284958965826,train,2020
1284959718596,train,2020
1284959725274,train,2020
1284959953893,train,2020
1284960446589,train,2020
1284961719032,train,2020
1284961854078,train,2020
1284961913959,train,2020
1284962103818,train,2020
1284962113076,train,2020
1284962123172,train,2020
1284962304131,train,2020
1284962810404,train,2020
1284962899140,train,2020
1284962917208,train,2020
1284962950954,train,2020
1284963004657,train,2020
1284963006944,train,2020
1284963053698,train,2020
1284963376579,train,2020
1284963378044,train,2020
1284963514100,train,2020
1284963969190,train,2020
1284964263150,train,2020
1284964723536,train,2020
1284964759703,train,2020
1284964801259,train,2020
1284965269591,train,2020
1284965270374,train,2020
1284965272130,train,2020
1284965275037,train,2020
1284965275916,train,2020
1284965280346,train,2020
1284965302262,train,2020
1284965304052,train,2020
1284965340558,train,2020
1284965354262,train,2020
1284965366447,train,2020
1284965666457,train,2020
1284965763030,train,2020
1284966047118,train,2020
1284966199797,train,2020
1284966318338,train,2020
1284966396371,train,2020
1284966658588,train,2020
1284966697919,train,2020
1284966732519,train,2020
1284967054225,train,2020
1284967093313,train,2020
1284967108153,train,2020
1284967108294,train,2020
1284967108437,train,2020
1284967114283,train,2020
1284967114430,train,2020
1284967154374,train,2020
1284967172084,train,2020
1284967172846,train,2020
1284967174287,train,2020
1284967182173,train,2020
1284967517313,train,2020
1284967539542,train,2020
1284967762809,train,2020
1284967825402,train,2020
1284968144317,train,2020
1284968176298,train,2020
1284968465366,train,2020
1284968492228,train,2020
1284968509501,train,2020
1284968815182,train,2020
1284968831494,train,2020
1284968853085,train,2020
1284968875834,train,2020
1284968889200,train,2020
1284968896224,train,2020
1284968940245,train,2020
1284969258694,train,2020
1284969258859,train,2020
1284969286011,train,2020
1284970130063,train,2020
1284970138379,train,2020
1284970145633,train,2020
1284970192474,train,2020
1284970367900,train,2020
1284970420771,train,2020
1284970527176,train,2020
1284970535305,train,2020
1284970741103,train,2020
1284970857517,train,2020
1284970861009,train,2020
1284970919117,train,2020
1284970921214,train,2020
1284970922619,train,2020
1284970922758,train,2020
1284970928044,train,2020
1284970956418,train,2020
1284970965599,train,2020
1284971051353,train,2020
1284971292111,train,2020
1284971517845,train,2020
1284972250494,train,2020
1284972318543,train,2020
1284972377125,train,2020
1284972403635,train,2020
1284972709220,train,2020
1284972715956,train,2020
1284972730334,train,2020
1284972756140,train,2020
1284972764936,train,2020
1284972770657,train,2020
1284972771251,train,2020
1284973045389,train,2020
1284973362148,train,2020
1284973739004,train,2020
1284973869137,train,2020
1284974144784,train,2020
1284974400980,train,2020
1284974415748,train,2020
1284974432199,train,2020
1284974438166,train,2020
1284974685180,train,2020
1284974685348,train,2020
1284974727231,train,2020
1284975232906,train,2020
1284975297362,train,2020
1284975325910,train,2020
1284975400844,train,2020
1284975668114,train,2020
1284975717287,train,2020
1284975726027,train,2020
1284975753628,train,2020
1284975924422,train,2020
1284975929100,train,2020
1284975970374,train,2020
1284975994471,train,2020
1284976154341,train,2020
1284976155211,train,2020
1284976307758,train,2020
1284976342073,train,2020
1284976364746,train,2020
1284976560745,train,2020
1284976702562,train,2020
1284976915360,train,2020
1284976960480,train,2020
1284976965351,train,2020
1284977010457,train,2020
1284977011019,train,2020
1284977025457,train,2020
1284977116307,train,2020
1284977250857,train,2020
1284977339598,train,2020
1284977779688,train,2020
1284978102442,train,2020
1284978170174,train,2020
1284978180509,train,2020
1284978223581,train,2020
1284978283962,train,2020
1284978298490,train,2020
1284978307622,train,2020
1284978421100,train,2020
1284978430283,train,2020
1284978486379,train,2020
1284978488126,train,2020
1284978495522,train,2020
1284978655172,train,2020
1284978796366,train,2020
1284979098000,train,2020
1284979476477,train,2020
1284979524538,train,2020
1284979531048,train,2020
1284980228112,train,2020
1284980241195,train,2020
1284980286307,train,2020
1284980301383,train,2020
1284980350423,train,2020
1284980469625,train,2020
1284980642075,train,2020
1284980957752,train,2020
1284980975599,train,2020
1284981035135,train,2020
1284981032377,train,2020
1284981318818,train,2020
1284981322362,train,2020
1284981592561,train,2020
1284981743448,train,2020
1284981798754,train,2020
1284981973920,train,2020
1284982033093,train,2020
1284982036198,train,2020
1284982063872,train,2020
1284982636608,train,2020
1284982704863,train,2020
1284982923069,train,2020
1284983604498,train,2020
1284983618666,train,2020
1284983799070,train,2020
1284983760850,train,2020
1284983852635,train,2020
1284984050833,train,2020
1284984273755,train,2020
1284984843492,train,2020
1284984880383,train,2020
1284985184428,train,2020
1284985648138,train,2020
1284985648871,train,2020
1284985707584,train,2020
1284985796125,train,2020
1284985798577,train,2020
1284985893690,train,2020
1284986882259,train,2020
1284987212445,train,2020
1284987397232,train,2020
1284987626618,train,2020
1284987875167,train,2020
1284987875855,train,2020
1284987897406,train,2020
1284987901602,train,2020
1284987901749,train,2020
1284987949035,train,2020
1284987965306,train,2020
1284987967181,train,2020
1284989335970,train,2020
1284989462352,train,2020
1284989875096,train,2020
1284990278512,train,2020
1284990279215,train,2020
1284990339400,train,2020
1284990344177,train,2020
1284990361477,train,2020
1284990363929,train,2020
1284990365716,train,2020
1284990424001,train,2020
1284990732798,train,2020
1284991434598,train,2020
1284991759120,train,2020
1284991904565,train,2020
1284992071095,train,2020
1284992216752,train,2020
1284992271271,train,2020
1284992290875,train,2020
1284992292549,train,2020
1284992342133,train,2020
1284992386548,train,2020
1284992403243,train,2020
1284992404928,train,2020
1284992740162,train,2020
1284993232019,train,2020
1284993295710,train,2020
1284993525277,train,2020
1284993713303,train,2020
1284994009181,train,2020
1284994097639,train,2020
1284994102087,train,2020
1284994175446,train,2020
1284994202998,train,2020
1284994916123,train,2020
1284995171212,train,2020
1284995188772,train,2020
1284995502836,train,2020
1284995873105,train,2020
1284995984284,train,2020
1284995995755,train,2020
1284996032310,train,2020
1284996062301,train,2020
1284996128672,train,2020
1284996404201,train,2020
1284996988798,train,2020
1284997866671,train,2020
1284998298035,train,2020
1284998299898,train,2020
1284998301780,train,2020
1284998339936,train,2020
1284998340585,train,2020
1284998346721,train,2020
1284998402842,train,2020
1284998412874,train,2020
1284998490077,train,2020
1284998839972,train,2020
1284999243673,train,2020
1284999589217,train,2020
1284999687138,train,2020
1285000006270,train,2020
1285000119765,train,2020
1285000136238,train,2020
1285000140027,train,2020
1285000603331,train,2020
1285002128153,train,2020
1285002174894,train,2020
1285002175838,train,2020
1285002248027,train,2020
1285002594542,train,2020
1285002598077,train,2020
1285002598231,train,2020
1285002973342,train,2020
1285003406146,train,2020
1285003712711,train,2020
1285004232834,train,2020
1285004318564,train,2020
1285004909648,train,2020
1285004953709,train,2020
1285005363099,train,2020
1285005384484,train,2020
1285005389467,train,2020
1285006150383,train,2020
1285006284242,train,2020
1285006295135,train,2020
1285006415758,train,2020
1285006621677,train,2020
1285006621818,train,2020
1285006625824,train,2020
1285007142390,train,2020
1285007260792,train,2020
1285007562827,train,2020
1285007702854,train,2020
1285007793089,train,2020
1285008225796,train,2020
1285008231242,train,2020
1285008431592,train,2020
1285008654220,train,2020
1285008804968,train,2020
1285008844327,train,2020
1285008846811,train,2020
1285008898865,train,2020
1285008911699,train,2020
1285008921274,train,2020
1285008938935,train,2020
1285008988793,train,2020
1285008988934,train,2020
1285008991456,train,2020
1285009039503,train,2020
1285009040427,train,2020
1285010143085,train,2020
1285010207626,train,2020
1285010213588,train,2020
1285010259220,train,2020
1285010266613,train,2020
1285010681616,train,2020
1285010697519,train,2020
1285010744578,train,2020
1285011224682,train,2020
1285011328090,train,2020
1285011552501,train,2020
1285011747918,train,2020
1285012058679,train,2020
1285012204272,train,2020
1285012471664,train,2020
1285012474657,train,2020
1285012534578,train,2020
1285013444300,train,2020
1285013841032,train,2020
1285013909419,train,2020
1285013953469,train,2020
1285013955476,train,2020
1285013982908,train,2020
1285014010163,train,2020
1285013987768,train,2020
1285014004015,train,2020
1285014044520,train,2020
1285014229007,train,2020
1285014416596,train,2020
1285015207722,train,2021
1285015302324,train,2021
1285015308448,train,2021
1285015524202,train,2021
1285015557509,train,2021
1285015634051,train,2021
1285015748310,train,2021
1285015752177,train,2021
1285015760362,train,2021
1285015824520,train,2021
1285016044949,train,2021
1285016129483,train,2021
1285016175923,train,2021
1285016247681,train,2021
1285016254519,train,2021
1285016608990,train,2021
1285016611019,train,2021
1285017031476,train,2021
1285017440087,train,2021
1285017450291,train,2021
1285018100122,train,2021
1285018187110,train,2021
1285018203077,train,2021
1285018228204,train,2021
1285018243623,train,2021
1285018296404,train,2021
1285020253552,train,2021
1285020299160,train,2021
1285020461108,train,2021
1285020656740,train,2021
1285020662153,train,2021
1285020671918,train,2021
1285021436634,train,2021
1285021874456,train,2021
1285022130559,train,2021
1285022674471,train,2021
1285023901761,train,2021
1285024097806,train,2021
1285024368591,train,2021
1285024428394,train,2021
1285024439913,train,2021
1285025162253,train,2021
1285026584305,train,2021
1285026599238,train,2021
1285026652939,train,2021
1285027019639,train,2021
1285027249456,train,2021
1285027865401,train,2021
1285028050007,train,2021
1285028823519,train,2021
1285028914156,train,2021
1285029240156,train,2021
1285029350248,train,2021
1285029574522,train,2021
1285030055463,train,2021
1285030170615,train,2021
1285030971270,train,2021
1285030974259,train,2021
1285030976799,train,2021
1285030978978,train,2021
1285030980904,train,2021
1285031045373,train,2021
1285031061572,train,2021
1285031833162,train,2021
1285032415771,train,2021
1285032416898,train,2021
1285032424662,train,2021
1285032948029,train,2021
1285032960407,train,2021
1285033356782,train,2021
1285033371717,train,2021
1285033379164,train,2021
1285033797117,train,2021
1285034390845,train,2021
1285034712187,train,2021
1285034789088,train,2021
1285034885821,train,2021
1285034894487,train,2021
1285035032299,train,2021
1285035294600,train,2021
1285035501275,train,2021
1285035504110,train,2021
1285035582096,train,2021
1285035672826,train,2021
1285035745116,train,2021
1285035753990,train,2021
1285035856312,train,2021
1285035875439,train,2021
1285035945283,train,2021
1285036562744,train,2021
1285036976648,train,2021
1285037318079,train,2021
1285037484682,train,2021
1285037494403,train,2021
1285037667101,train,2021
1285037745867,train,2021
1285037747593,train,2021
1285037771642,train,2021
1285038172378,train,2021
1285038237293,train,2021
1285038259577,train,2021
1285038652942,train,2021
1285038671968,train,2021
1285038674510,train,2021
1285039280586,train,2021
1285039518771,train,2021
1285039603557,train,2021
1285040011201,train,2021
1285040101656,train,2021
1285040118623,train,2021
1285040190682,train,2021
1285040195948,train,2021
1285040199515,train,2021
1285040294106,train,2021
1285040301074,train,2021
1285040614044,train,2021
1285040625910,train,2021
1285040935759,train,2021
1285041113203,train,2021
1285041128771,train,2021
1285041706291,train,2021
1285041708331,train,2021
1285041748576,train,2021
1285041780893,train,2021
1285041795211,train,2021
1285041800292,train,2021
1285042147792,train,2021
1285043168748,train,2021
1285043301477,train,2021
1285043619026,train,2021
1285043621002,train,2021
1285044168128,train,2021
1285044916818,train,2021
1285045890829,train,2021
1285045994206,train,2021
1285046490595,train,2021
1285046649640,train,2021
1285047214097,train,2021
1285047605417,train,2021
1285048073992,train,2021
1285048577764,train,2021
1285048739279,train,2021
1285049078131,train,2021
1285049599654,train,2021
1285049873216,train,2021
1285049892808,train,2021
1285050379406,train,2021
1285050586586,train,2021
1285050805144,train,2021
1285050872036,train,2021
1285050891103,train,2021
1285050948754,train,2021
1285050956380,train,2021
1285050957089,train,2021
1285051118468,train,2021
1285051349631,train,2021
1285051520624,train,2021
1285051620804,train,2021
1285053178644,train,2021
1285053190866,train,2021
1285053195504,train,2021
1285053273984,train,2021
1285053349296,train,2021
1285053351757,train,2021
1285053353511,train,2021
1285053371042,train,2021
1285053387021,train,2021
1285053644432,train,2021
1285053643218,train,2021
1285053888148,train,2021
1285053928454,train,2021
1285053941182,train,2021
1285054016873,train,2021
1285054040577,train,2021
1285055202677,train,2021
1285055213589,train,2021
1285055301067,train,2021
1285055668975,train,2021
1285055671195,train,2021
1285055770898,train,2021
1285055778614,train,2021
1285055781345,train,2021
1285055843208,train,2021
1285055930812,train,2021
1285055940585,train,2021
1285055983087,train,2021
1285056236040,train,2021
1285056406313,train,2021
1285056748715,train,2021
1285057116156,train,2021
1285057330779,train,2021
1285057335875,train,2021
1285057560756,train,2021
1285057613423,train,2021
1285057639695,train,2021
1285057807804,train,2021
1285058175911,train,2021
1285058611206,train,2021
1285058629840,train,2021
1285058638231,train,2021
1285058643775,train,2021
1285058701313,train,2021
1285058817997,train,2021
1285059094161,train,2021
1285059212307,train,2021
1285059281915,train,2021
1285059704916,train,2021
1285060369939,train,2021
1285060594105,train,2021
1285060705568,train,2021
1285060971483,train,2021
1285061003082,train,2021
1285061355026,train,2021
1285061503802,train,2021
1285061529837,train,2021
1285061684755,train,2021
1285061838434,train,2021
1285062022658,train,2021
1285062800175,train,2021
1285062896614,train,2021
1285062904826,train,2021
1285063350689,train,2021
1285063351278,train,2021
1285063431588,train,2021
1285063507475,train,2021
1285063521182,train,2021
1285063532705,train,2021
1285063598894,train,2021
1285063949300,train,2021
1285064420501,train,2021
1285065023810,train,2021
1285065360729,train,2021
1285065841996,train,2021
1285065933560,train,2021
1285066016200,train,2021
1285066028792,train,2021
1285066032432,train,2021
1285066624034,train,2021
1285066793780,train,2021
1285067339202,train,2021
1285067387027,train,2021
1285067478929,train,2021
1285067482064,train,2021
1285067734876,train,2021
1285067874255,train,2021
1285068159716,train,2021
1285068339421,train,2021
1285068450885,train,2021
1285068452562,train,2021
1285068454247,train,2021
1285068541124,train,2021
1285068640582,train,2021
1285068909958,train,2021
1285068921852,train,2021
1285068929237,train,2021
1285069004854,train,2021
1285069340090,train,2021
1285069973711,train,2021
1285069991904,train,2021
1285070168096,train,2021
1285070200996,train,2021
1285070619034,train,2021
1285070631692,train,2021
1285070679701,train,2021
1285070705444,train,2021
1285070757273,train,2021
1285070751038,train,2021
1285070774613,train,2021
1285070776406,train,2021
1285071078572,train,2021
1285071082482,train,2021
1285071087693,train,2021
1285071160375,train,2021
1285071778886,train,2021
1285072020682,train,2021
1285072030614,train,2021
1285072397133,train,2021
1285072488014,train,2021
1285072951156,train,2021
1285072952884,train,2021
1285072977731,train,2021
1285073019583,train,2021
1285073035576,train,2021
1285073178085,train,2021
1285073507817,train,2021
1285073772548,train,2021
1285074217570,train,2021
1285074237055,train,2021
1285074263167,train,2021
1285074356118,train,2021
1285074488847,train,2021
1285074633103,train,2021
1285074732373,train,2021
1285075058115,train,2021
1285075123392,train,2021
1285075169583,train,2021
1285075177414,train,2021
1285075177805,train,2021
1285075177950,train,2021
1285075226889,train,2021
1285075245684,train,2021
1285075558770,train,2021
1285075860901,train,2021
1285075974531,train,2021
1285076049956,train,2021
1285076407354,train,2021
1285076514297,train,2021
1285076797689,train,2021
1285076860178,train,2021
1285076864613,train,2021
1285076926892,train,2021
1285077230337,train,2021
1285077283363,train,2021
1285077298259,train,2021
1285077334676,train,2021
1285077337621,train,2021
1285077349904,train,2021
1285077357825,train,2021
1285077424570,train,2021
1285077715976,train,2021
1285077766309,train,2021
1285077871387,train,2021
1285077976676,train,2021
1285078467081,train,2021
1285078475274,train,2021
1285078567892,train,2021
1285078739936,train,2021
1285078807743,train,2021
1285079056540,train,2021
1285079125614,train,2021
1285079126250,train,2021
1285079126894,train,2021
1285079138537,train,2021
1285079139197,train,2021
1285079142951,train,2021
1285079145673,train,2021
1285079149951,train,2021
1285079184515,train,2021
1285079185447,train,2021
1285079187984,train,2021
1285079197094,train,2021
1285079197730,train,2021
1285079254911,train,2021
1285079464580,train,2021
1285079873493,train,2021
1285080020149,train,2021
1285080243449,train,2021
1285080273662,train,2021
1285080422738,train,2021
1285080530324,train,2021
1285080624962,train,2021
1285080652485,train,2021
1285080987141,train,2021
1285080990069,train,2021
1285081053678,train,2021
1285081061643,train,2021
1285081102461,train,2021
1285081113995,train,2021
1285081114378,train,2021
1285081157931,train,2021
1285081417763,train,2021
1285081489834,train,2021
1285081615811,train,2021
1285081712319,train,2021
1285081985261,train,2021
1285082133148,train,2021
1285082339497,train,2021
1285082353673,train,2021
1285082422107,train,2021
1285082420897,train,2021
1285082652083,train,2021
1285082657540,train,2021
1285082658027,train,2021
1285082720738,train,2021
1285082721110,train,2021
1285082726044,train,2021
1285082733800,train,2021
1285082735713,train,2021
1285082768527,train,2021
1285082776661,train,2021
1285082787057,train,2021
1285082792935,train,2021
1285082875459,train,2021
1285083070536,train,2021
1285083178192,train,2021
1285083178632,train,2021
1284232735343,train,2021
1285083358178,train,2021
1285083472958,train,2021
1285083522157,train,2021
1285083599090,train,2021
1285083634708,train,2021
1285083680234,train,2021
1285083697125,train,2021
1285083738131,train,2021
1285084026982,train,2021
1285084044800,train,2021
1285084045444,train,2021
1285084052420,train,2021
1285084100085,train,2021
1285084090485,train,2021
1285084091296,train,2021
1285084105738,train,2021
1285084174169,train,2021
1285084175846,train,2021
1285084282455,train,2021
1285084285371,train,2021
1285084443065,train,2021
1285084710576,train,2021
1285084770741,train,2021
1285084769699,train,2021
1285084924396,train,2021
1285084927570,train,2021
1285085171516,train,2021
1285085270462,train,2021
1285085270616,train,2021
1285085274762,train,2021
1285085281169,train,2021
1285085284150,train,2021
1285085424897,train,2021
1285085535947,train,2021
1285085536269,train,2021
1285086377818,train,2021
1285086544118,train,2021
1285086549344,train,2021
1285086810868,train,2021
1285086811185,train,2021
1285086849204,train,2021
1285086864208,train,2021
1285086871645,train,2021
1285086879023,train,2021
1285086913393,train,2021
1285086920563,train,2021
1285086984530,train,2021
1285087262215,train,2021
1285087703216,train,2021
1285088083188,train,2021
1285088180189,train,2021
1285088491201,train,2021
1285088615140,train,2021
1285088930435,train,2021
1285089009847,train,2021
1285089035126,train,2021
1285089037157,train,2021
1285089071115,train,2021
1285089071785,train,2021
1285089098423,train,2021
1285089101516,train,2021
1285089270785,train,2021
1285089385606,train,2021
1285089672270,train,2021
1285089752253,train,2021
1285089754948,train,2021
1285090020757,train,2021
1285090563286,train,2021
1285090702279,train,2021
1285090733509,train,2021
1285090801731,train,2021
1285091269999,train,2021
1285091821731,train,2021
1285091955085,train,2021
1285092317352,train,2021
1285092821466,train,2021
1285093174302,train,2021
1285093244013,train,2021
1285093247300,train,2021
1285093280228,train,2021
1285093300283,train,2021
1285094427681,train,2021
1285095010230,train,2021
1285095392637,train,2021
1285095399562,train,2021
1285095408799,train,2021
1285096186504,train,2021
1285096726600,train,2021
1285096999011,train,2021
1285097585947,train,2021
1285097668389,train,2021
1285097701089,train,2021
1285098058494,train,2021
1285098940067,train,2021
1285099841312,train,2021
1285099852551,train,2021
1285099856952,train,2021
1285099897462,train,2021
1285099966464,train,2021
1285099968135,train,2021
1285099995921,train,2021
1285100297003,train,2021
1285100356134,train,2021
1285100368243,train,2021
1285100745634,train,2021
1285100753077,train,2021
1285100826971,train,2021
1285101746445,train,2021
1285101745818,train,2021
1285101802228,train,2021
1285101844788,train,2021
1285101848607,train,2021
1285101934500,train,2021
1285102394688,train,2021
1285102560779,train,2021
1285102671295,train,2021
1285103151777,train,2021
1285103419736,train,2021
1285103573476,train,2021
1285103774209,train,2021
1285104124199,train,2021
1285104188317,train,2021
1285104247136,train,2021
1285104352581,train,2021
1285104590854,train,2021
1285104834268,train,2021
1285104847008,train,2021
1285105467547,train,2021
1285105751306,train,2021
1285105806509,train,2021
1285106298308,train,2021
1285106359845,train,2021
1285106386948,train,2021
1285106402005,train,2021
1285106440369,train,2021
1285106484083,train,2021
1285107320511,train,2021
1285107352171,train,2021
1285107491022,train,2021
1285107772997,train,2021
1285108106434,train,2021
1285108108894,train,2021
1285108140501,train,2021
1285108151768,train,2021
1285108175726,train,2021
1285108190386,train,2021
1285108192999,train,2021
1285108193686,train,2021
1285108639426,train,2021
1285108644211,train,2021
1285109216140,train,2021
1285110298323,train,2021
1285110503661,train,2021
1285110577986,train,2021
1285110579694,train,2021
1285110600275,train,2021
1285110601712,train,2021
1285110643794,train,2021
1285111001344,train,2021
1285111008361,train,2021
1285111480770,train,2021
1285111824256,train,2021
1285111854032,train,2021
1285111901723,train,2021
1285111958723,train,2021
1285112103374,train,2021
1285112389039,train,2021
1285112584732,train,2021
1285112706155,train,2021
1285112718336,train,2021
1285112788458,train,2021
1285112796706,train,2021
1285113269323,train,2021
1285113428825,train,2021
1285113552067,train,2021
1285113642732,train,2021
1285113683820,train,2021
1285113769558,train,2021
1285113778573,train,2021
1285114030225,train,2021
1285114601735,train,2021
1285115049234,train,2021
1285115053959,train,2021
1285115107131,train,2021
1285115108941,train,2021
1285115122430,train,2021
1285116242178,train,2021
1285117016471,train,2021
1285117118002,train,2021
1285117450287,train,2021
1285117675866,train,2021
1285117993613,train,2021
1285118019143,train,2021
1285118057132,train,2021
1285118110524,train,2021
1285118421244,train,2021
1285119273361,train,2021
1285119349321,train,2021
1285119674490,train,2021
1285119688849,train,2021
1285120222208,train,2021
1285121056804,train,2021
1285121187800,train,2021
1285121541644,train,2021
1285121570799,train,2021
1285121733333,train,2021
1285121737145,train,2021
1285121793988,train,2021
1285121812058,train,2021
1285121815688,train,2021
1285121818264,train,2021
1285123355847,train,2021
1285123498274,train,2021
1285124037890,train,2021
1285124229395,train,2021
1285124257489,train,2021
1285124287892,train,2021
1285124807441,train,2021
1285124810585,train,2021
1285124970455,train,2021
1285125012706,train,2021
1285125309751,train,2021
1285125411567,train,2021
1285125647223,train,2021
1285125713326,train,2021
1285125740649,train,2021
1285125740903,train,2022
1285125774847,train,2022
1285125926437,train,2022
1285126060895,train,2022
1285126570155,train,2022
1285126625845,train,2022
1285126662986,train,2022
1285126819169,train,2022
1285126870058,train,2022
1285126910573,train,2022
1285126928091,train,2022
1285127681227,train,2022
1285127727179,train,2022
1285127816647,train,2022
1285128164426,train,2022
1285128444040,train,2022
1285128502625,train,2022
1285128709152,train,2022
1285128734040,train,2022
1285128743994,train,2022
1285128759665,train,2022
1285128821549,train,2022
1285128857283,train,2022
1285128861785,train,2022
1285129256059,train,2022
1285129931108,train,2022
1285130065386,train,2022
1285130142836,train,2022
1285130159063,train,2022
1285130163263,train,2022
1285130348730,train,2022
1285130431509,train,2022
1285130498515,train,2022
1285130782339,train,2022
1285130800582,train,2022
1285130807575,train,2022
1285130807959,train,2022
1285130972789,train,2022
1285130991106,train,2022
1285131330959,train,2022
1285131849920,train,2022
1285132559596,train,2022
1285132563206,train,2022
1285132567332,train,2022
1285132604931,train,2022
1285133302082,train,2022
1285133703492,train,2022
1285133729666,train,2022
1285133982113,train,2022
1285134123703,train,2022
1285134159243,train,2022
1285134616519,train,2022
1285134617394,train,2022
1285134633590,train,2022
1285134769286,train,2022
1285135387723,train,2022
1285135731137,train,2022
1285136211154,train,2022
1285136316346,train,2022
1285136560360,train,2022
1285136699530,train,2022
1285136714511,train,2022
1285136923707,train,2022
1285137120499,train,2022
1285137655599,train,2022
1285137693981,train,2022
1285138432500,train,2022
1285138440322,train,2022
1285138499844,train,2022
1285138842609,train,2022
1285138895314,train,2022
1285138925996,train,2022
1285138936769,train,2022
1285138937449,train,2022
1285138987663,train,2022
1285139256426,train,2022
1285139840066,train,2022
1285139860828,train,2022
1285139865756,train,2022
1285139921151,train,2022
1285140435621,train,2022
1285141447267,train,2022
1285141656004,train,2022
1285141703065,train,2022
1285141825208,train,2022
1285141886804,train,2022
1285141890827,train,2022
1285141942380,train,2022
1285142679044,train,2022
1285142701604,train,2022
1285142970695,train,2022
1285143003757,train,2022
1285143190648,train,2022
1285143300715,train,2022
1285143563234,train,2022
1285143567895,train,2022
1285143602296,train,2022
1285144332081,train,2022
1285145163438,train,2022
1285145632605,train,2022
1285145633271,train,2022
1285145657531,train,2022
1285145676654,train,2022
1285146065362,train,2022
1285146477379,train,2022
1285146975730,train,2022
1285147406249,train,2022
1285147458972,train,2022
1285147861559,train,2022
1285148063916,train,2022
1285148212015,train,2022
1285148438062,train,2022
1285149151995,train,2022
1285149733335,train,2022
1285150293301,train,2022
1285150305547,train,2022
1285150306496,train,2022
1285150516510,train,2022
1285150758794,train,2022
1285150766127,train,2022
1285150789864,train,2022
1285150863349,train,2022
1285151137801,train,2022
1285151275491,train,2022
1285152163345,train,2022
1285152669634,train,2022
1285152689605,train,2022
1285152693681,train,2022
1285152730006,train,2022
1285152734535,train,2022
1285152733057,train,2022
1285152741728,train,2022
1285153465256,train,2022
1285153782131,train,2022
1285153982709,train,2022
1285154174498,train,2022
1285154174841,train,2022
1285154190907,train,2022
1285154192479,train,2022
1285154199025,train,2022
1285154420853,train,2022
1285154336261,train,2022
1285154581694,train,2022
1285154977716,train,2022
1285155019656,train,2022
1285155021786,train,2022
1285155022434,train,2022
1285155045151,train,2022
1285155050537,train,2022
1285155056769,train,2022
1285155089145,train,2022
1285155095531,train,2022
1285155100433,train,2022
1285155101085,train,2022
1285155103010,train,2022
1285155109052,train,2022
1285155116626,train,2022
1285155393370,train,2022
1285155456431,train,2022
1285155478675,train,2022
1285155629425,train,2022
1285155846511,train,2022
1285155949063,train,2022
1285156310710,train,2022
1285156316621,train,2022
1285156323262,train,2022
1285156327400,train,2022
1285156378243,train,2022
1285156380383,train,2022
1285156430042,train,2022
1285156432085,train,2022
1285156462603,train,2022
1285156464383,train,2022
1285156466163,train,2022
1285156474973,train,2022
1285156846647,train,2022
1285156856175,train,2022
1285157298048,train,2022
1285157850352,train,2022
1285157903796,train,2022
1285160775374,train,2022
1285160840186,train,2022
1285160876698,train,2022
1285160880104,train,2022
1285160929415,train,2022
1285161772643,train,2022
1285162883838,train,2022
1285163403835,train,2022
1285163579717,train,2022
1285163852739,train,2022
1285164688812,train,2022
1285164702070,train,2022
1285164708072,train,2022
1285164744564,train,2022
1285164764473,train,2022
1285164798150,train,2022
1285164801746,train,2022
1285164806684,train,2022
1285164816257,train,2022
1285164853075,train,2022
1285165156473,train,2022
1285165366542,train,2022
1285166230320,train,2022
1285166239047,train,2022
1285166448734,train,2022
1285166738849,train,2022
1285166759475,train,2022
1285166859617,train,2022
1285166860918,train,2022
1285166865577,train,2022
1285166874196,train,2022
1285166920333,train,2022
1285167012695,train,2022
1285167246622,train,2022
1285167261445,train,2022
1285167593233,train,2022
1285167687168,train,2022
1285167711208,train,2022
1285168689906,train,2022
1285168929797,train,2022
1285169017064,train,2022
1285169018806,train,2022
1285169492324,train,2022
1285169931691,train,2022
1285169943383,train,2022
1285170056774,train,2022
1285170342720,train,2022
1285170545028,train,2022
1285170791285,train,2022
1285171340912,train,2022
1285171359216,train,2022
1285171461423,train,2022
1285171463112,train,2022
1285171514458,train,2022
1285171516447,train,2022
1285171569202,train,2022
1285171942805,train,2022
1285171999798,train,2022
1285172005532,train,2022
1285172377143,train,2022
1285172398006,train,2022
1285173033923,train,2022
1285173087052,train,2022
1285173772617,train,2022
1285173777485,train,2022
1285173783052,train,2022
1285173818356,train,2022
1285173820585,train,2022
1285173825086,train,2022
1285174147597,train,2022
1285174327213,train,2022
1285174744486,train,2022
1285175264980,train,2022
1285175266756,train,2022
1285175700161,train,2022
1285176043032,train,2022
1285176091428,train,2022
1285176108969,train,2022
1285176113968,train,2022
1285176166347,train,2022
1285176174531,train,2022
1285176356863,train,2022
1285176553964,train,2022
1285176700850,train,2022
1285177013534,train,2022
1285177119782,train,2022
1285177121722,train,2022
1285177593188,train,2022
1285177595869,train,2022
1285177913091,train,2022
1285177952402,train,2022
1285178372766,train,2022
1285178400864,train,2022
1285178454338,train,2022
1285178465719,train,2022
1285178466466,train,2022
1285178540056,train,2022
1285178889387,train,2022
1285178908968,train,2022
1285178954726,train,2022
1285179426079,train,2022
1285179797484,train,2022
1285180080817,train,2022
1285180338359,train,2022
1285180711966,train,2022
1285180747615,train,2022
1285180805953,train,2022
1285180826987,train,2022
1285180903359,train,2022
1285180907047,train,2022
1285181119182,train,2022
1285181255410,train,2022
1285181306230,train,2022
1285181356012,train,2022
1285181656609,train,2022
1285181753831,train,2022
1285181744616,train,2022
1285182052483,train,2022
1285182808061,train,2022
1285182876974,train,2022
1285182979405,train,2022
1285182983394,train,2022
1285183032836,train,2022
1285183315588,train,2022
1285183451965,train,2022
1285183812054,train,2022
1285184208256,train,2022
1285184228608,train,2022
1285184632304,train,2022
1285184661768,train,2022
1285185057599,train,2022
1285185106107,train,2022
1285185147910,train,2022
1285185218343,train,2022
1285185461742,train,2022
1285185584111,train,2022
1285185617377,train,2022
1285185739233,train,2022
1285185967929,train,2022
1285185996387,train,2022
1285186067136,train,2022
1285186449484,train,2022
1285186877556,train,2022
1285187325417,train,2022
1285187398206,train,2022
1285187434908,train,2022
1285187447606,train,2022
1285187441575,train,2022
1285187455760,train,2022
1285187784069,train,2022
1285187993274,train,2022
1285188216839,train,2022
1285188758671,train,2022
1285188983985,train,2022
1285189272572,train,2022
1285189415681,train,2022
1285189557907,train,2022
1285189669576,train,2022
1285189723335,train,2022
1285189724341,train,2022
1285189772258,train,2022
1285189915855,train,2022
1285189927517,train,2022
1285189992892,train,2022
1285190067806,train,2022
1285190113783,train,2022
1285190809053,train,2022
1285191060081,train,2022
1285191179941,train,2022
1285191214307,train,2022
1285191199227,train,2022
1285191464397,train,2022
1285191522522,train,2022
1285191545908,train,2022
1285191603809,train,2022
1285191613764,train,2022
1285192013721,train,2022
1285192466100,train,2022
1285192685722,train,2022
1285192981648,train,2022
1285193229952,train,2022
1285193342054,train,2022
1285193351303,train,2022
1285193357835,train,2022
1285193360152,train,2022
1285193368411,train,2022
1285193422724,train,2022
1285193430131,train,2022
1285193494275,train,2022
1285193725606,train,2022
1285193939131,train,2022
1285194368587,train,2022
1285194430336,train,2022
1285194487161,train,2022
1285194895561,train,2022
1285195079827,train,2022
1285195082228,train,2022
1285195087828,train,2022
1285195124294,train,2022
1285195126948,train,2022
1285195129907,train,2022
1285195148041,train,2022
1285195217914,train,2022
1285195329452,train,2022
1285195424278,train,2022
1285195484829,train,2022
1285195539589,train,2022
1285195626340,train,2022
1285195627089,train,2022
1285195939889,train,2022
1285195945893,train,2022
1285196032171,train,2022
1285196206687,train,2022
1285196334930,train,2022
1285196337451,train,2022
1285196364052,train,2022
1285196406362,train,2022
1285196407717,train,2022
1285196439550,train,2022
1285196443427,train,2022
1285196478421,train,2022
1285196487336,train,2022
1285196491070,train,2022
1285196529380,train,2022
1285196543524,train,2022
1285196810294,train,2022
1285196815820,train,2022
1285196894885,train,2022
1285196914971,train,2022
1285196960747,train,2022
1285197066174,train,2022
1285197254317,train,2022
1285197412318,train,2022
1285197412954,train,2022
1285197414639,train,2022
1285197457601,train,2022
1285197536568,train,2022
1285197655864,train,2022
1285197662951,train,2022
1285197669065,train,2022
1285197717760,train,2022
1285197727034,train,2022
1285197987228,train,2022
1285197993748,train,2022
1285198073788,train,2022
1285198249915,train,2022
1285198472538,train,2022
1285198571852,train,2022
1285198536176,train,2022
1285198561630,train,2022
1285198705569,train,2022
1285198776388,train,2022
1285198783025,train,2022
1285198803041,train,2022
1285198813311,train,2022
1285198803718,train,2022
1285198805501,train,2022
1285198808716,train,2022
1285198810790,train,2022
1285198821344,train,2022
1285198824877,train,2022
1285198853491,train,2022
1285198856145,train,2022
1285198883835,train,2022
1285199760303,train,2022
1285199832608,train,2022
1285199841017,train,2022
1285199852695,train,2022
1285199883958,train,2022
1285200057689,train,2022
1285200082606,train,2022
1285200601285,train,2022
1285200614189,train,2022
1285200641214,train,2022
1285200662027,train,2022
1285200672030,train,2022
1285201098061,train,2022
1285201326741,train,2022
1285201330459,train,2022
1285201389265,train,2022
1285201399679,train,2022
1285201615589,train,2022
1285201689907,train,2022
1285201881633,train,2022
1285202063260,train,2022
1285202163402,train,2022
1285202168036,train,2022
1285202203443,train,2022
1285202206428,train,2022
1285202220389,train,2022
1285202255166,train,2022
1285202258598,train,2022
1285202265088,train,2022
1285202281676,train,2022
1285202820915,train,2022
1285202840879,train,2022
1285203205697,train,2022
1285203264932,train,2022
1285203591298,train,2022
1285203622266,train,2022
1285203649935,train,2022
1285204021623,train,2022
1285204046957,train,2022
1285204071025,train,2022
1285204112850,train,2022
1285204109441,train,2022
1285204486423,train,2022
1285204872473,train,2022
1285205021250,train,2022
1285205179466,train,2022
1285205198087,train,2022
1285205656637,train,2022
1285206135333,train,2022
1285206245620,train,2022
1285206404569,train,2022
1285206457074,train,2022
1285206469876,train,2022
1285206940132,train,2022
1285207383884,train,2022
1285207643516,train,2022
1285207681395,train,2022
1285207846945,train,2022
1285208044512,train,2022
1285208049984,train,2022
1285208140654,train,2022
1285208166154,train,2022
1285208516262,train,2022
1285208526145,train,2022
1285208586550,train,2022
1285208929314,train,2022
1285208967892,train,2022
1285209012876,train,2022
1285209393673,train,2022
1285209709719,train,2022
1285210299766,train,2022
1285210298854,train,2022
1285210329053,train,2022
1285210347194,train,2022
1285210349728,train,2022
1285210671348,train,2022
1285210724265,train,2022
1285210733892,train,2022
1285211160165,train,2022
1285211165194,train,2022
1285211197350,train,2022
1285211567926,train,2022
1285211808757,train,2022
1285211970808,train,2022
1285211974918,train,2022
1285211990179,train,2022
1285211998649,train,2022
1285212333403,train,2022
1285212600308,train,2022
1285212621813,train,2022
1285212640920,train,2022
1285212654795,train,2022
1285212658224,train,2022
1285213106932,train,2022
1285213764203,train,2022
1285213679606,train,2022
1285213739435,train,2022
1285213856454,train,2022
1285213867846,train,2022
1285213926417,train,2022
1285213928089,train,2022
1285214278321,train,2022
1285214320411,train,2022
1285214364389,train,2022
1285214735926,train,2022
1285215002165,train,2022
1285215060612,train,2022
1285216001907,train,2022
1285216064870,train,2022
1285216079543,train,2022
1285216154576,train,2022
1285216165399,train,2022
1285216167023,train,2022
1285216298816,train,2022
1285216338351,train,2022
1285216421609,train,2022
1285216422258,train,2022
1285216444115,train,2022
1285216625242,train,2022
1285217242301,train,2022
1285217543290,train,2022
1285217544967,train,2022
1285217545611,train,2022
1285217549750,train,2022
1285217562747,train,2022
1285218298848,train,2022
1285218354500,train,2022
1285218810119,train,2022
1285219158530,train,2022
1285219524873,train,2022
1285219536075,train,2022
1285219556634,train,2022
1285219560079,train,2022
1285219582122,train,2022
1285219602387,train,2022
1285219609487,train,2022
1285220391197,train,2022
1285220739874,train,2022
1285221039895,train,2022
1285221093986,train,2022
1285221450206,train,2022
1285221520272,train,2022
1285221523656,train,2022
1285221527707,train,2022
1285221542249,train,2022
1285221878140,train,2022
1285222260620,train,2022
1285222409331,train,2022
1285223104464,train,2022
1285223111701,train,2022
1285223444809,train,2022
1285223543707,train,2022
1285223544343,train,2022
1285223548132,train,2022
1285223553925,train,2022
1285224328535,train,2022
1285224351775,train,2022
1285224789346,train,2022
1285225132327,train,2022
1285225439881,train,2022
1285225572893,train,2022
1285225586669,train,2022
1285225604098,train,2022
1285225605791,train,2022
1285225606435,train,2022
1285225829868,train,2022
1285225907392,train,2022
1285225960051,train,2022
1285226215068,train,2022
1285226255996,train,2022
1285226266050,train,2022
1285226266914,train,2022
1285226271936,train,2022
1285226296015,train,2022
1285226454094,train,2022
1285226460925,train,2022
1285226475135,train,2022
1285226508904,train,2022
1285226530454,train,2022
1285226535190,train,2022
1285226548299,train,2022
1285226835945,train,2022
1285226840830,train,2022
1285226900854,train,2022
1285227246042,train,2022
1285227284280,train,2022
1285227295416,train,2022
1285227651898,train,2022
1285227815375,train,2022
1285228488908,train,2022
1285228490645,train,2022
1285228491347,train,2022
1285228496622,train,2022
1285228509204,train,2022
1285228524750,train,2022
1285228557259,train,2022
1285228940784,train,2022
1285228971966,train,2022
1285229490768,train,2022
1285230056311,train,2022
1285230388983,train,2022
1285230389440,train,2022
1285230872020,train,2022
1285230877944,train,2022
1285230885923,train,2022
1285230900927,train,2022
1285230904363,train,2022
1285230906142,train,2022
1285231217343,train,2022
1285231218979,train,2022
1285231511009,train,2022
1285231853669,train,2022
1285232007230,train,2022
1285232183986,train,2022
1285232188140,train,2022
1285232241865,train,2022
1285232265384,train,2022
1285232266048,train,2022
1285232280553,validation,2023
1285232283692,validation,2023
1285232304816,validation,2023
1285232535890,validation,2023
1285232554532,validation,2023
1285232743427,validation,2023
1285232749082,validation,2023
1285232970863,validation,2023
1285232991099,validation,2023
1285233023741,validation,2023
1285233038480,validation,2023
1285233057930,validation,2023
1285233071724,validation,2023
1285233266985,validation,2023
1285233308975,validation,2023
1285233353863,validation,2023
1285233403409,validation,2023
1285233758114,validation,2023
1285233773704,validation,2023
1285234047351,validation,2023
1285234056702,validation,2023
1285234160802,validation,2023
1285234908887,validation,2023
1285234951460,validation,2023
1285234948627,validation,2023
1285234971612,validation,2023
1285234976806,validation,2023
1285234979296,validation,2023
1285234987033,validation,2023
1285235011488,validation,2023
1285235144478,validation,2023
1285235722563,validation,2023
1285236000079,validation,2023
1285237121054,validation,2023
1285237129849,validation,2023
1285237188044,validation,2023
1285237199966,validation,2023
1285237205432,validation,2023
1285237274066,validation,2023
1285237357913,validation,2023
1285238060703,validation,2023
1285239124426,validation,2023
1285239159311,validation,2023
1285239305827,validation,2023
1285239484520,validation,2023
1285239497933,validation,2023
1285239937253,validation,2023
1285239944134,validation,2023
1285240036449,validation,2023
1285240044129,validation,2023
1285240230690,validation,2023
1285240390575,validation,2023
1285240973418,validation,2023
1285241141777,validation,2023
1285241645332,validation,2023
1285241672576,validation,2023
1285241796113,validation,2023
1285241801849,validation,2023
1285241865960,validation,2023
1285241869450,validation,2023
1285241874162,validation,2023
1285241878338,validation,2023
1285241881508,validation,2023
1285241884738,validation,2023
1285243195021,validation,2023
1285243587975,validation,2023
1285243589611,validation,2023
1285243596037,validation,2023
1285243679934,validation,2023
1285244124772,validation,2023
1285244127504,validation,2023
1285244246834,validation,2023
1285244248563,validation,2023
1285244255901,validation,2023
1285244257797,validation,2023
1285244341081,validation,2023
1285244828267,validation,2023
1285245926901,validation,2023
1285246390701,validation,2023
1285246762154,validation,2023
1285247026279,validation,2023
1285247027922,validation,2023
1285247106707,validation,2023
1285247201938,validation,2023
1285247786003,validation,2023
1285247833420,validation,2023
1285248125713,validation,2023
1285248147958,validation,2023
1285248926829,validation,2023
1285248933087,validation,2023
1285248966032,validation,2023
1285249110881,validation,2023
1285249138150,validation,2023
1285249415804,validation,2023
1285249565724,validation,2023
1285249570963,validation,2023
1285249651776,validation,2023
1285249660592,validation,2023
1285250668792,validation,2023
1285250687446,validation,2023
1285251197862,validation,2023
1285251209528,validation,2023
1285251221857,validation,2023
1285251295096,validation,2023
1285251725689,validation,2023
1285252171542,validation,2023
1285252259255,validation,2023
1285252364389,validation,2023
1285252588434,validation,2023
1285252753460,validation,2023
1285253352957,validation,2023
1285253772113,validation,2023
1285253819057,validation,2023
1285254384269,validation,2023
1285254395312,validation,2023
1285254513694,validation,2023
1285255121264,validation,2023
1285255302313,validation,2023
1285255431101,validation,2023
1285255705778,validation,2023
1285257316885,validation,2023
1285257527875,validation,2023
1285258601836,validation,2023
1285258599490,validation,2023
1285258739747,validation,2023
1285259826277,validation,2023
1285259982126,validation,2023
1285260593692,validation,2023
1285261192275,validation,2023
1285261531635,validation,2023
1285261676566,validation,2023
1285261699664,validation,2023
1285261704919,validation,2023
1285261706673,validation,2023
1285261819476,validation,2023
1285262470446,validation,2023
1285262733129,validation,2023
1285262995418,validation,2023
1285263194784,validation,2023
1285263465946,validation,2023
1285263885565,validation,2023
1285264409499,validation,2023
1285264456376,validation,2023
1285264462440,validation,2023
1285264601029,validation,2023
1285264604797,validation,2023
1285264617536,validation,2023
1285264709351,validation,2023
1285264711012,validation,2023
1285264730742,validation,2023
1285265092943,validation,2023
1285265222669,validation,2023
1285265239364,validation,2023
1285265264083,validation,2023
1285265365422,validation,2023
1285265413765,validation,2023
1285265576683,validation,2023
1285265673365,validation,2023
1285266116094,validation,2023
1285266262318,validation,2023
1285266262990,validation,2023
1285266265503,validation,2023
1285266267585,validation,2023
1285266366828,validation,2023
1285266386440,validation,2023
1285266473487,validation,2023
1285266475954,validation,2023
1285266480043,validation,2023
1285266483542,validation,2023
1285266489640,validation,2023
1285266578161,validation,2023
1285266588077,validation,2023
1285266588394,validation,2023
1285266750919,validation,2023
1285267212144,validation,2023
1285267395961,validation,2023
1285267508602,validation,2023
1285267537622,validation,2023
1285268063537,validation,2023
1285268256949,validation,2023
1285268775475,validation,2023
1285268879186,validation,2023
1285268956941,validation,2023
1285268956700,validation,2023
1285268964474,validation,2023
1285268973265,validation,2023
1285269186294,validation,2023
1285269805128,validation,2023
1285269816060,validation,2023
1285270430126,validation,2023
1285270436540,validation,2023
1285271290927,validation,2023
1285271298662,validation,2023
1285271414439,validation,2023
1285271425072,validation,2023
1285271432151,validation,2023
1285271508881,validation,2023
1285271528463,validation,2023
1285271531080,validation,2023
1285271721038,validation,2023
1285272239422,validation,2023
1285272371222,validation,2023
1285272768358,validation,2023
1285272774629,validation,2023
1285272901082,validation,2023
1285273237430,validation,2023
1285273661141,validation,2023
1285273801064,validation,2023
1285273809664,validation,2023
1285273818680,validation,2023
1285273928813,validation,2023
1285273937001,validation,2023
1285274009039,validation,2023
1285274013645,validation,2023
1285274031386,validation,2023
1285274274042,validation,2023
1285274362167,validation,2023
1285274733735,validation,2023
1285274762302,validation,2023
1285274767034,validation,2023
1285275270895,validation,2023
1285275561979,validation,2023
1285275670104,validation,2023
1285275676810,validation,2023
1285275736230,validation,2023
1285275742870,validation,2023
1285275738428,validation,2023
1285275754544,validation,2023
1285276139610,validation,2023
1285276275804,validation,2023
1285276553741,validation,2023
1285276786827,validation,2023
1285276871107,validation,2023
1285276884747,validation,2023
1285276981009,validation,2023
1285277000393,validation,2023
1285277059857,validation,2023
1285277060202,validation,2023
1285277173000,validation,2023
1285277605191,validation,2023
1285278046255,validation,2023
1285278114809,validation,2023
1285278497053,validation,2023
1285278847879,validation,2023
1285279069942,validation,2023
1285279094669,validation,2023
1285279218628,validation,2023
1285279606131,validation,2023
1285280051455,validation,2023
1285280188018,validation,2023
1285280194065,validation,2023
1285280196865,validation,2023
1285280213807,validation,2023
1285280215607,validation,2023
1285280217362,validation,2023
1285280284339,validation,2023
1285280292314,validation,2023
1285280699485,validation,2023
1285280829647,validation,2023
1285281199221,validation,2023
1285281200427,validation,2023
1285282321637,validation,2023
1285282486768,validation,2023
1285282487153,validation,2023
1285282491871,validation,2023
1285282494946,validation,2023
1285282520188,validation,2023
1285282585050,validation,2023
1285282592115,validation,2023
1285282592843,validation,2023
1285282896325,validation,2023
1285284109515,validation,2023
1285284259516,validation,2023
1285284432134,validation,2023
1285284789483,validation,2023
1285284824886,validation,2023
1285284914893,validation,2023
1285284916651,validation,2023
1285284924204,validation,2023
1285284993053,validation,2023
1285284993694,validation,2023
1285285003347,validation,2023
1285285075778,validation,2023
1285285324780,validation,2023
1285285837310,validation,2023
1285285967253,validation,2023
1285286060360,validation,2023
1285286355101,validation,2023
1285286378996,validation,2023
1285286911851,validation,2023
1285287177838,validation,2023
1285287363910,validation,2023
1285287366314,validation,2023
1285287417058,validation,2023
1285287421177,validation,2023
1285287623431,validation,2023
1285288108415,validation,2023
1285288114293,validation,2023
1285288206135,validation,2023
1285289686845,validation,2023
1285289689786,validation,2023
1285289715001,validation,2023
1285289716806,validation,2023
1285289721310,validation,2023
1285289774784,validation,2023
1285290151288,validation,2023
1285290598062,validation,2023
1285290869667,validation,2023
1285291229861,validation,2023
1285291390421,validation,2023
1285291592223,validation,2023
1285291609506,validation,2023
1285291636911,validation,2023
1285291660156,validation,2023
1285291755964,validation,2023
1285292064842,validation,2023
1285292498037,validation,2023
1285292501477,validation,2023
1285292512579,validation,2023
1285292568800,validation,2023
1285293123910,validation,2023
1285293436695,validation,2023
1285293453896,validation,2023
1285293564872,validation,2023
1285293845348,validation,2023
1285294004653,validation,2023
1285294051372,validation,2023
1285294191645,validation,2023
1285294933470,validation,2023
1285294977005,validation,2023
1285294978252,validation,2023
1285295090976,validation,2023
1285295159029,validation,2023
1285295167532,validation,2023
1285295172630,validation,2023
1285295174561,validation,2023
1285295565774,validation,2023
1285296007009,validation,2023
1285296029311,validation,2023
1285296030009,validation,2023
1285296154184,validation,2023
1285296477136,validation,2023
1285296721289,validation,2023
1285296870578,validation,2023
1285296871253,validation,2023
1285297150321,validation,2023
1285297325302,validation,2023
1285297325958,validation,2023
1285297328440,validation,2023
1285297405775,validation,2023
1285297409819,validation,2023
1285297578774,validation,2023
1285297661727,validation,2023
1285297666327,validation,2023
1285297675459,validation,2023
1285297804951,validation,2023
1285298214340,validation,2023
1285298553809,validation,2023
1285298908796,validation,2023
1285298925992,validation,2023
1285299329684,validation,2023
1285299421872,validation,2023
1285299423717,validation,2023
1285299436818,validation,2023
1285299489158,validation,2023
1285299491556,validation,2023
1285299495260,validation,2023
1285299498371,validation,2023
1285299505547,validation,2023
1285299555925,validation,2023
1285299728084,validation,2023
1285299844960,validation,2023
1285300304494,validation,2023
1285300427813,validation,2023
1285300529648,validation,2023
1285300533437,validation,2023
1285300541846,validation,2023
1285300544979,validation,2023
1285300858967,validation,2023
1285300895589,validation,2023
1285301084765,validation,2023
1285301196123,validation,2023
1285301312062,validation,2023
1285301313766,validation,2023
1285301406867,validation,2023
1285301408877,validation,2023
1285301409838,validation,2023
1285301413797,validation,2023
1285301462903,validation,2023
1285301465006,validation,2023
1285301467060,validation,2023
1285301781025,validation,2023
1285301795213,validation,2023
1285302140499,validation,2023
1285302163424,validation,2023
1285302318801,validation,2023
1285302420862,validation,2023
1285302955849,validation,2023
1285303028721,validation,2023
1285303034295,validation,2023
1285303040171,validation,2023
1285303044498,validation,2023
1285303082283,validation,2023
1285303094144,validation,2023
1285303097604,validation,2023
1285303503905,validation,2023
1285303604094,validation,2023
1285303715350,validation,2023
1285303727736,validation,2023
1285303739743,validation,2023
1285303799737,validation,2023
1285304121521,validation,2023
1285304302961,validation,2023
1285304428244,validation,2023
1285304587417,validation,2023
1285304640662,validation,2023
1285304728226,validation,2023
1285304752245,validation,2023
1285304807064,validation,2023
1285304810709,validation,2023
1285304867964,validation,2023
1285304873724,validation,2023
1285304881478,validation,2023
1285304890528,validation,2023
1285305097153,validation,2023
1285305372595,validation,2023
1285305474550,validation,2023
1285305656333,validation,2023
1285305667984,validation,2023
1285305671616,validation,2023
1285305926211,validation,2023
1285305929074,validation,2023
1285305937887,validation,2023
1285306088876,validation,2023
1285306303705,validation,2023
1285306307991,validation,2023
1285306312516,validation,2023
1285306358571,validation,2023
1285306368486,validation,2023
1285306496443,validation,2023
1285306578354,validation,2023
1285306636196,validation,2023
1285306639523,validation,2023
1285306645401,validation,2023
1285306652933,validation,2023
1285306888411,validation,2023
1285306925031,validation,2023
1285307248376,validation,2023
1285307332873,validation,2023
1285307378818,validation,2023
1285307382671,validation,2023
1285307389049,validation,2023
1285307393602,validation,2023
1285307478067,validation,2023
1285307479268,validation,2023
1285307551656,validation,2023
1285307682971,validation,2023
1285307803948,validation,2023
1285307891166,validation,2023
1285307937318,validation,2023
1285307951624,validation,2023
1285308078831,validation,2023
1285308172830,validation,2023
1285308347727,validation,2023
1285308540495,validation,2023
1285308908635,validation,2023
1285309125377,validation,2023
1285309150771,validation,2023
1285309230860,validation,2023
1285309234970,validation,2023
1285309533179,validation,2023
1285309624671,validation,2023
1285309719980,validation,2023
1285309894053,validation,2023
1285309993821,validation,2023
1285310017599,validation,2023
1285310273430,validation,2023
1285310423488,validation,2023
1285310520859,validation,2023
1285310838661,validation,2023
1285310869620,validation,2023
1285310991763,validation,2023
1285311229032,validation,2023
1285311244869,validation,2023
1285311325145,validation,2023
1285311337273,validation,2023
1285311363189,validation,2023
1285311367391,validation,2023
1285311528005,validation,2023
1285311741171,validation,2023
1285311755432,validation,2023
1285311762990,validation,2023
1285312053524,validation,2023
1285312396024,validation,2023
1285312672275,validation,2023
1285312737642,validation,2023
1285312862493,validation,2023
1285312911154,validation,2023
1285312970876,validation,2023
1285313056701,validation,2023
1285313147662,validation,2023
1285313145107,validation,2023
1285313393000,validation,2023
1285313483686,validation,2023
1285313935410,validation,2023
1285314027601,validation,2023
1285314031625,validation,2023
1285314056059,validation,2023
1285314393484,validation,2023
1285314738871,validation,2023
1285315227237,validation,2023
1285315337688,validation,2023
1285315334521,validation,2023
1285315358275,validation,2023
1285315477372,validation,2023
1285315605881,validation,2023
1285316173718,validation,2023
1285316199858,validation,2023
1285316619441,validation,2023
1285316982814,validation,2023
1285317003651,validation,2023
1285317124590,validation,2023
1285317399723,validation,2023
1285317491222,validation,2023
1285317574496,validation,2023
1285317924700,validation,2023
1285318158908,validation,2023
1285318704631,validation,2023
1285318778010,validation,2023
1285318843303,validation,2023
1285319155605,validation,2023
1285319204523,validation,2023
1285319234644,validation,2023
1285319483970,validation,2023
1285319611881,validation,2023
1285319697529,validation,2023
1285319718712,validation,2023
1285319720961,validation,2023
1285319723823,validation,2023
1285319848570,validation,2023
1285320001784,validation,2023
1285320025510,validation,2023
1285320079657,validation,2023
1285320110630,validation,2023
1285320184844,validation,2023
1285320225650,validation,2023
1285320254034,validation,2023
1285320376245,validation,2023
1285320566930,validation,2023
1285320987899,validation,2023
1285320996447,validation,2023
1285321141211,validation,2023
1285321204875,validation,2023
1285321234399,validation,2023
1285321892988,validation,2023
1285321907292,validation,2023
1285321914022,validation,2023
1285322194487,validation,2023
1285322210401,validation,2023
1285322246332,validation,2023
1285322281727,validation,2023
1285322306608,validation,2023
1285322509507,validation,2023
1285322521833,validation,2023
1285322649344,validation,2023
1285322662869,validation,2023
1285323287853,validation,2023
1285323310916,validation,2023
1285323416704,validation,2023
1285323539198,validation,2023
1285323643979,validation,2023
1285323768497,validation,2023
1285323772753,validation,2023
1285323990996,validation,2023
1285324496081,validation,2023
1285324519167,validation,2023
1285324912288,validation,2023
1285324999373,validation,2023
1285325219729,validation,2023
1285325366339,validation,2023
1285325370742,validation,2023
1285325515484,validation,2023
1285325655490,validation,2023
1285325732096,validation,2023
1285325803294,validation,2023
1285325804127,validation,2023
1285326036737,validation,2023
1285326134418,validation,2023
1285326152131,validation,2023
1285326274158,validation,2023
1285326561650,validation,2023
1285326592804,validation,2023
1285326625134,validation,2023
1285326623313,validation,2023
1285326960856,validation,2023
1285327346043,validation,2023
1285327526811,validation,2023
1285327944350,validation,2023
1285327967888,validation,2023
1285328009543,validation,2023
1285328007318,validation,2023
1285328102640,validation,2023
1285328919793,validation,2023
1285328993775,validation,2023
1285329702646,validation,2023
1285329945596,validation,2023
1285329987274,validation,2023
1285330044599,validation,2023
1285330895136,validation,2023
1285331056349,validation,2023
1285331091701,validation,2023
1285332164294,validation,2023
1285332203111,validation,2023
1285332203763,validation,2023
1285332219438,validation,2023
1285332356858,validation,2023
1285333117349,validation,2023
1285333240351,validation,2023
1285334538443,validation,2023
1285335043320,validation,2023
1285335079547,validation,2023
1285335082625,validation,2023
1285335088517,validation,2023
1285335099535,validation,2023
1285335106322,validation,2023
1285335702538,validation,2023
1285335884275,validation,2023
1285336022958,validation,2023
1285336882973,validation,2023
1285337066665,validation,2023
1285337074819,validation,2023
1285337144212,validation,2023
1285337148452,validation,2023
1285337179621,validation,2023
1285337195652,validation,2023
1285337195895,validation,2023
1285337246756,validation,2023
1285337300353,validation,2023
1285337909925,validation,2023
1285339124098,validation,2023
1285339282834,validation,2023
1285339701861,validation,2023
1285339765094,validation,2023
1285339901654,validation,2023
1285340056078,validation,2023
1285340411971,validation,2023
1285340462923,validation,2023
1285340480349,validation,2023
1285340576641,validation,2023
1285340578151,validation,2023
1285340639930,validation,2023
1285341133801,validation,2023
1285341476993,validation,2023
1285341729593,validation,2023
1285341926661,validation,2023
1285341961956,validation,2023
1285342624818,validation,2023
1285342638272,validation,2023
1285343609566,validation,2023
1285343530895,validation,2023
1285343615828,validation,2023
1285343671269,validation,2023
1285343737538,validation,2023
1285343738431,validation,2023
1285343884642,validation,2023
1285344269177,validation,2023
1285344560526,validation,2023
1285344602986,validation,2023
1285344909367,validation,2023
1285344957868,validation,2023
1285344969426,validation,2023
1285345284049,validation,2023
1285345297080,validation,2023
1285345349306,validation,2023
1285345456251,validation,2023
1285345738438,validation,2023
1285345739233,validation,2023
1285345743938,validation,2023
1285345745712,validation,2023
1285345765524,validation,2023
1285345769863,validation,2023
1285345791174,validation,2023
1285345797485,validation,2023
1285345799795,validation,2023
1285346369536,validation,2023
1285347184210,validation,2023
1285347180626,validation,2023
1285347305879,test,2024
1285347466451,test,2024
1285347469475,test,2024
1285347477919,test,2024
1285347536846,test,2024
1285347794179,test,2024
1285347798668,test,2024
1285347809956,test,2024
1285347878843,test,2024
1285348662001,test,2024
1285348727744,test,2024
1285348732502,test,2024
1285348831574,test,2024
1285348858644,test,2024
1285350130762,test,2024
1285350193817,test,2024
1285350576460,test,2024
1285351091860,test,2024
1285351666125,test,2024
1285351817786,test,2024
1285351848203,test,2024
1285352004510,test,2024
1285352124583,test,2024
1285352283960,test,2024
1285352505987,test,2024
1285352551351,test,2024
1285353036129,test,2024
1285353255880,test,2024
1285353698707,test,2024
1285353852194,test,2024
1285354182542,test,2024
1285354992514,test,2024
1285355180244,test,2024
1285355506953,test,2024
1285355614780,test,2024
1285355790787,test,2024
1285355996626,test,2024
1285356003086,test,2024
1285356311239,test,2024
1285356464810,test,2024
1285356517310,test,2024
1285356519263,test,2024
1285356639612,test,2024
1285357151881,test,2024
1285357269046,test,2024
1285357338488,test,2024
1285357472051,test,2024
1285357626515,test,2024
1285357639667,test,2024
1285357913244,test,2024
1285358030818,test,2024
1285358854701,test,2024
1285358910683,test,2024
1285359048302,test,2024
1285359071032,test,2024
1285359071275,test,2024
1285359183621,test,2024
1285359903163,test,2024
1285360102312,test,2024
1285361128436,test,2024
1285361552230,test,2024
1285361798281,test,2024
1285361803124,test,2024
1285361884283,test,2024
1285361886551,test,2024
1285362101292,test,2024
1285362421896,test,2024
1285363170262,test,2024
1285363545272,test,2024
1285363687906,test,2024
1285363884199,test,2024
1285364701184,test,2024
1285365299724,test,2024
1285365313267,test,2024
1285365399731,test,2024
1285365561138,test,2024
1285365752680,test,2024
1285366543256,test,2024
1285366656924,test,2024
1285366933284,test,2024
1285366948486,test,2024
1285368118204,test,2024
1285368896331,test,2024
1285369030157,test,2024
1285369547223,test,2024
1285369771858,test,2024
1285369903455,test,2024
1285370557847,test,2024
1285371257014,test,2024
1285371462713,test,2024
1285371479613,test,2024
1285371825436,test,2024
1285371841736,test,2024
1285371955564,test,2024
1285371963881,test,2024
1285372285644,test,2024
1285372672458,test,2024
1285372743648,test,2024
1285373039034,test,2024
1285373082024,test,2024
1285373264629,test,2024
1285373270352,test,2024
1285373281962,test,2024
1285373932735,test,2024
1285374546595,test,2024
1285374905074,test,2024
1285374944729,test,2024
1285375054686,test,2024
1285375057697,test,2024
1285375068309,test,2024
1285375070802,test,2024
1285375071712,test,2024
1285375980605,test,2024
1285376359311,test,2024
1285376549294,test,2024
1285377759566,test,2024
1285377857674,test,2024
1285377872576,test,2024
1285378337567,test,2024
1285378895214,test,2024
1285379208483,test,2024
1285380241057,test,2024
1285380342205,test,2024
1285380357700,test,2024
1285380673861,test,2024
1285380681624,test,2024
1285380789993,test,2024
1285380820424,test,2024
1285381183691,test,2024
1285381205364,test,2024
1285381326196,test,2024
1285381715274,test,2024
1285382430636,test,2024
1285382437749,test,2024
1285382440258,test,2024
1285382562311,test,2024
1285383581769,test,2024
1285384534280,test,2024
1285385108693,test,2024
1285385332900,test,2024
1285385329562,test,2024
1285385338760,test,2024
1285385431816,test,2024
1285385438277,test,2024
1285385440544,test,2024
1285385458064,test,2024
1285386050111,test,2024
1285386029781,test,2024
1285386043373,test,2024
1285387362326,test,2024
1285388074386,test,2024
1285388191346,test,2024
1285388191994,test,2024
1285388205828,test,2024
1285388205984,test,2024
1285388499629,test,2024
1285388741942,test,2024
1285389212810,test,2024
1285389951217,test,2024
1285390915136,test,2024
1285391201277,test,2024
1285391209916,test,2024
1285391216270,test,2024
1285391216934,test,2024
1285391325512,test,2024
1285391546930,test,2024
1285391606913,test,2024
1285391786631,test,2024
1285391788115,test,2024
1285392796365,test,2024
1285392810661,test,2024
1285392959877,test,2024
1285393094149,test,2024
1285393183444,test,2024
1285393278232,test,2024
1285393416600,test,2024
1285393432107,test,2024
1285393451367,test,2024
1285393558765,test,2024
1285393575120,test,2024
1285393583667,test,2024
1285394035618,test,2024
1285394208326,test,2024
1285394429873,test,2024
1285394482837,test,2024
1285394690569,test,2024
1285394703700,test,2024
1285395354594,test,2024
1285395694332,test,2024
1285395700819,test,2024
1285395710782,test,2024
1285395867079,test,2024
1285396185785,test,2024
1285396277809,test,2024
1285396321321,test,2024
1285396586530,test,2024
1285396994431,test,2024
1285397045258,test,2024
1285397460807,test,2024
1285397582719,test,2024
1285397905971,test,2024
1285397908940,test,2024
1285397912222,test,2024
1285397944708,test,2024
1285398046975,test,2024
1285398904867,test,2024
1285398971876,test,2024
1285398975254,test,2024
1285398977910,test,2024
1285399067744,test,2024
1285399571553,test,2024
1285399702605,test,2024
1285399721607,test,2024
1285399724873,test,2024
1285399729226,test,2024
1285399736749,test,2024
1285399738121,test,2024
1285399742407,test,2024
1285399746958,test,2024
1285399747178,test,2024
1285399760602,test,2024
1285399771425,test,2024
1285400279738,test,2024
1285400857207,test,2024
1285400943219,test,2024
1285401250463,test,2024
1285401257617,test,2024
1285402037915,test,2024
1285402048458,test,2024
1285402055077,test,2024
1285402240741,test,2024
1285402251191,test,2024
1285402351850,test,2024
1285402579385,test,2024
1285402616936,test,2024
1285404008910,test,2024
1285404037423,test,2024
1285404563854,test,2024
1285404591334,test,2024
1285404759877,test,2024
1285404755216,test,2024
1285404884987,test,2024
1285404886864,test,2024
1285404887674,test,2024
1285404916312,test,2024
1285405390958,test,2024
1285405418788,test,2024
1285405896580,test,2024
1285406199923,test,2024
1285406376981,test,2024
1285406876726,test,2024
1285406886184,test,2024
1285407186859,test,2024
1285407261768,test,2024
1285407551916,test,2024
1285407567533,test,2024
1285407578642,test,2024
1285407578875,test,2024
1285407697778,test,2024
1285407964384,test,2024
1285407965295,test,2024
1285408120624,test,2024
1285408658203,test,2024
1285408861348,test,2024
1285408976451,test,2024
1285408987636,test,2024
1285409265149,test,2024
1285409291959,test,2024
1285409295734,test,2024
1285409599934,test,2024
1285409998796,test,2024
1285410556135,test,2024
1285410560586,test,2024
1285410679011,test,2024
1285410684266,test,2024
1285411165709,test,2024
1285411846219,test,2024
1285411846377,test,2024
1285412498536,test,2024
1285412668662,test,2024
1285412693346,test,2024
1285412902950,test,2024
1285412930580,test,2024
1285413109579,test,2024
1285413827643,test,2024
1285413877441,test,2024
1285413879234,test,2024
1285413885705,test,2024
1285414162945,test,2024
1285414767903,test,2024
1285415112746,test,2024
1285415211040,test,2024
1285415539103,test,2024
1285415665737,test,2024
1285416398011,test,2024
1285416559450,test,2024
1285416636415,test,2024
1285416649993,test,2024
1285416655686,test,2024
1285416658745,test,2024
1285416917770,test,2024
1285416962235,test,2024
1285417079812,test,2024
1285417485868,test,2024
1285417557745,test,2024
1285417732598,test,2024
1285417719109,test,2024
1285418076741,test,2024
1285418459284,test,2024
1285418482520,test,2024
1285418704496,test,2024
1285418713918,test,2024
1285418833952,test,2024
1285419160432,test,2024
1285419264794,test,2024
1285419272297,test,2024
1285419349134,test,2024
1285419353786,test,2024
1285419425753,test,2024
1285419437585,test,2024
1285419741368,test,2024
1285419819224,test,2024
1285419958710,test,2024
1285420160445,test,2024
1285420457738,test,2024
1285420475707,test,2024
1285420650571,test,2024
1285420994126,test,2024
1285421034271,test,2024
1285421344232,test,2024
1285421421869,test,2024
1285421508490,test,2024
1285421526569,test,2024
1285421533880,test,2024
1285421615302,test,2024
1285421886696,test,2024
1285421889871,test,2024
1285421896745,test,2024
1285422275078,test,2024
1285422322008,test,2024
1285422788437,test,2024
1285423055212,test,2024
1285423090637,test,2024
1285423143368,test,2024
1285423254165,test,2024
1285423608800,test,2024
1285423616159,test,2024
1285423627355,test,2024
1285423627605,test,2024
1285423632660,test,2024
1285423681283,test,2024
1285423687480,test,2024
1285423691621,test,2024
1285423698361,test,2024
1285423859122,test,2024
1285423999727,test,2024
1285424357775,test,2024
1285424601063,test,2024
1285424656600,test,2024
1285424835387,test,2024
1285425011802,test,2024
1285425042201,test,2024
1285425372310,test,2024
1285425382883,test,2024
1285425519195,test,2024
1285425535772,test,2024
1285425593956,test,2024
1285425606704,test,2024
1285425667608,test,2024
1285425668256,test,2024
1285425674794,test,2024
1285425868747,test,2024
1285425941074,test,2024
1285426010727,test,2024
1285426219274,test,2024
1285426610075,test,2024
1285426807659,test,2024
1285427171517,test,2024
1285427258696,test,2024
1285427302401,test,2024
1285427392300,test,2024
1285427625346,test,2024
1285427624660,test,2024
1285427632602,test,2024
1285427641445,test,2024
1285427650338,test,2024
1285427695457,test,2024
1285427697271,test,2024
1285427694753,test,2024
1285427711401,test,2024
1285427916019,test,2024
1285428327047,test,2024
1285428755481,test,2024
1285428763516,test,2024
1285428880387,test,2024
1285429079609,test,2024
1285429313270,test,2024
1285429359797,test,2024
1285429366415,test,2024
1285429424313,test,2024
1285429430412,test,2024
1285429447632,test,2024
1285429498956,test,2024
1285429670361,test,2024
1285429699223,test,2024
1285430317587,test,2024
1285430376434,test,2024
1285430381702,test,2024
1285430384349,test,2024
1285430607665,test,2024
1285430608497,test,2024
1285430626262,test,2024
1285430725985,test,2024
1285430744851,test,2024
1285430832884,test,2024
1285430879421,test,2024
1285430976269,test,2024
1285431118290,test,2024
1285431134316,test,2024
1285431162730,test,2024
1285431387324,test,2024
1285431495377,test,2024
1285431564202,test,2024
1285431561127,test,2024
1285431743872,test,2024
1285431764086,test,2024
1285431785118,test,2024
1285432082952,test,2024
1285432096665,test,2024
1285432150379,test,2024
1285432152268,test,2024
1285432197658,test,2024
1285432202594,test,2024
1285432206348,test,2024
1285432212921,test,2024
1285432515963,test,2024
1285432520506,test,2024
1285432883452,test,2024
1285432887195,test,2024
1285432969529,test,2024
1285433001300,test,2024
1285433368070,test,2024
1285433378622,test,2024
1285433409390,test,2024
1285433419873,test,2024
1285434093172,test,2024
1285434166065,test,2024
1285432899163,test,2024
1285434573309,test,2024
1285434838516,test,2024
1285435383379,test,2024
1285435401713,test,2024
1285435630333,test,2024
1285435781836,test,2024
1285436272467,test,2024
1285436359774,test,2024
1285436927050,test,2024
1285437429049,test,2024
1285438302440,test,2024
1285438379224,test,2024
1285438391015,test,2024
1285438393338,test,2024
1285438399136,test,2024
1285438414166,test,2024
1285438422332,test,2024
1285438478141,test,2024
1285438481606,test,2024
1285438490010,test,2024
1285438618875,test,2024
1285438904841,test,2024
1285439905682,test,2024
1285440133131,test,2024
1285440160205,test,2024
1285440254260,test,2024
1285440257079,test,2024
1285440440705,test,2024
1285440447735,test,2024
1285440655020,test,2024
1285440834039,test,2024
1285440939295,test,2024
1285441024675,test,2024
1285441221782,test,2024
1285441367844,test,2024
1285442245475,test,2024
1285443011029,test,2024
1285443208431,test,2024
1285443247459,test,2024
1285443335265,test,2024
1285443334281,test,2024
1285443339997,test,2024
1285443344479,test,2024
1285443354188,test,2024
1285443361285,test,2024
1285443478845,test,2024
1285443860507,test,2024
1285444135562,test,2024
1285444309963,test,2024
1285444811220,test,2024
1285445413983,test,2024
1285445862738,test,2024
1285445869436,test,2024
1285445931214,test,2024
1285445937974,test,2024
1285446090723,test,2024
1285446131670,test,2024
1285446284393,test,2024
1285446300542,test,2024
1285446319113,test,2024
1285448136079,test,2024
1285448147513,test,2024
1285448199199,test,2024
1285448208217,test,2024
1285448211548,test,2024
1285448296440,test,2024
1285448959871,test,2024
1285449439038,test,2024
1285449805853,test,2024
1285450291089,test,2024
1285450301029,test,2024
1285450413362,test,2024
1285450390726,test,2024
1285450477039,test,2024
1285450481900,test,2024
1285450909077,test,2024
1285451326273,test,2024
1285451802973,test,2024
1285451872655,test,2024
1285452327012,test,2024
1285452734036,test,2024
1285452846040,test,2024
1285452853268,test,2024
1285452876643,test,2024
1285452884869,test,2024
1285452944415,test,2024
1285453302455,test,2024
1285453463184,test,2024
1285453806912,test,2024
1285453833099,test,2024
1285453920120,test,2024
1285454296419,test,2024
1285454310406,test,2024
1285454741217,test,2024
1285454802442,test,2024
1285454803144,test,2024
1285454808295,test,2024
1285454898764,test,2024
1285454909024,test,2024
1285455261182,test,2024
1285455517110,test,2024
1285455837582,test,2024
1285455858575,test,2024
1285455866346,test,2024
1285456506282,test,2024
1285457136172,test,2024
1285457153768,test,2024
1285457185257,test,2024
1285457240843,test,2024
1285457232404,test,2024
1285457548943,test,2024
1285457554579,test,2024
1285457975443,test,2024
1285459239142,test,2024
1285459591708,test,2024
1285460197719,test,2024
1285460418636,test,2024
1285460616803,test,2024
1285460665981,test,2024
1285461003729,test,2024
1285461302424,test,2024
1285461310655,test,2024
1285461884603,test,2024
1285462201160,test,2024
1285462257565,test,2024
1285462275330,test,2024
1285462305344,test,2024
1285462306530,test,2024
1285462383521,test,2024
1285462402753,test,2024
1285462632286,test,2024
1285462692010,test,2024
1285462871527,test,2024
1285463553250,test,2024
1285463580192,test,2024
1285463696817,test,2024
1285463977865,test,2024
1285464001319,test,2024
1285464571563,test,2024
1285464616225,test,2024
1285465625444,test,2024
1285465634826,test,2024
1285465900974,test,2024
1285466197723,test,2024
1285466353646,test,2024
1285466384301,test,2024
1285466398397,test,2024
1285466404580,test,2024
1285466408653,test,2024
1285466410785,test,2024
1285466434626,test,2024
1285466436542,test,2024
1285466486918,test,2024
1285466519368,test,2024
1285466519604,test,2024
1285466904270,test,2024
1285467348423,test,2024
1285467485402,test,2024
1285467650369,test,2024
1285467686380,test,2024
1285468233386,test,2024
1285468446410,test,2024
1285468511929,test,2024
1285468548251,test,2024
1285468570654,test,2024
1285468592582,test,2024
1285468602286,test,2024
1285468618281,test,2024
1285468740172,test,2024
1285468753890,test,2024
1285469010845,test,2024
1285469111906,test,2024
1285469881566,test,2024
1285470771001,test,2024
1285471862232,test,2024
1285471868458,test,2024
1285471872891,test,2024
1285471877108,test,2024
1285471879963,test,2024
1285471883864,test,2024
1285471887159,test,2024
1285471887891,test,2024
1285471901028,test,2024
1285471975079,test,2024
1285471977090,test,2024
1285472378311,test,2024
1285472384444,test,2024
1285472400927,test,2024
1285472434290,test,2024
1285472444132,test,2024
1285473013721,test,2024
1285473107830,test,2024
1285473188839,test,2024
1285473304885,test,2024
1285473349313,test,2024
1285473387544,test,2024
1285473576244,test,2024
1285473653374,test,2025
1285473664591,test,2025
1285474025053,test,2025
1285474251668,test,2025
1285474278564,test,2025
1285474328699,test,2025
1285474369244,test,2025
1285474617740,test,2025
1285474727878,test,2025
1285475039208,test,2025
1285475440546,test,2025
1285475456184,test,2025
1285475585498,test,2025
1285475601113,test,2025
1285475699131,test,2025
1285475712730,test,2025
1285475758122,test,2025
1285475762719,test,2025
1285475826725,test,2025
1285476289464,test,2025
1285476290347,test,2025
1285476465045,test,2025
1285476622964,test,2025
1285476720173,test,2025
1285477013752,test,2025
1285477585828,test,2025
1285477960187,test,2025
1285477975868,test,2025
1285478044914,test,2025
1285478068844,test,2025
1285478124361,test,2025
1285478125129,test,2025
1285478308835,test,2025
1285479239452,test,2025
1285479829405,test,2025
1285480317866,test,2025
1285482330711,test,2025
1285483400653,test,2025
1285483473884,test,2025
1285484018416,test,2025
1285484454316,test,2025
1285484546419,test,2025
1285484594496,test,2025
1285485568938,test,2025
1285485738890,test,2025
1285486160278,test,2025
1285486160457,test,2025
1285486242555,test,2025
1285487329649,test,2025
1285488832874,test,2025
1285488894215,test,2025
1285489328975,test,2025
1285489715093,test,2025
1285490051273,test,2025
1285490475456,test,2025
1285490475794,test,2025
1285491081927,test,2025
1285491471119,test,2025
1285491644744,test,2025
1285492147237,test,2025
1285492270300,test,2025
1285492276761,test,2025
1285492365076,test,2025
1285492543276,test,2025
1285492563789,test,2025
1285492575321,test,2025
1285492711122,test,2025
1285492761710,test,2025
1285493073528,test,2025
1285493235777,test,2025
1285493662866,test,2025
1285493665561,test,2025
1285493655261,test,2025
1285493963382,test,2025
1285494112277,test,2025
1285494183433,test,2025
1285494255718,test,2025
1285494355803,test,2025
1285494572767,test,2025
1285494577078,test,2025
1285494599943,test,2025
1285495187857,test,2025
1285495335346,test,2025
1285496144849,test,2025
1285496788402,test,2025
1285496861945,test,2025
1285496882966,test,2025
1285496885231,test,2025
1285496978650,test,2025
1285497951226,test,2025
1285499806446,test,2025
1285499952941,test,2025
1285500059700,test,2025
1285500917738,test,2025
1285500943629,test,2025
1285501080923,test,2025
1285501427159,test,2025
1285501468811,test,2025
1285501611942,test,2025
1285502083440,test,2025
1285502088424,test,2025
1285502142053,test,2025
1285502146134,test,2025
1285502541530,test,2025
1285502804925,test,2025
1285502811676,test,2025
1285503219298,test,2025
1285503671945,test,2025
1285504362171,test,2025
1285504702377,test,2025
1285504778649,test,2025
1285504778886,test,2025
1285504812076,test,2025
1285505780635,test,2025
1285505965882,test,2025
1285506178416,test,2025
1285506326866,test,2025
1285506694788,test,2025
1285507245084,test,2025
1285507299428,test,2025
1285507372214,test,2025
1285507377663,test,2025
1285507867360,test,2025
1285508184424,test,2025
1285508793268,test,2025
1285508928845,test,2025
1285509169094,test,2025
1285509224669,test,2025
1285509249731,test,2025
1285509732923,test,2025
1285509841098,test,2025
1285509854779,test,2025
1285509901373,test,2025
1285509913530,test,2025
1285510151416,test,2025
1285510257023,test,2025
1285511204167,test,2025
1285511280889,test,2025
1285511364100,test,2025
1285511365976,test,2025
1285511440897,test,2025
1285511533077,test,2025
1285511545938,test,2025
1285511832706,test,2025
1285512022985,test,2025
1285512279383,test,2025
1285512337684,test,2025
1285512343167,test,2025
1285512714120,test,2025
1285512726916,test,2025
1285513017993,test,2025
1285513158647,test,2025
1285513279617,test,2025
1285513288381,test,2025
1285513296714,test,2025
1285513346214,test,2025
1285513346916,test,2025
1285513860282,test,2025
1285514093733,test,2025
1285514109930,test,2025
1285514120882,test,2025
1285514143869,test,2025
1285514679092,test,2025
1285514678303,test,2025
1285514692242,test,2025
1285515271271,test,2025
1285515273211,test,2025
1285515701139,test,2025
1285516215263,test,2025
1285517609395,test,2025
1285517621248,test,2025
1285517623974,test,2025
1285517667974,test,2025
1285517677552,test,2025
1285517783283,test,2025
1285517795069,test,2025
1285518633322,test,2025
1285518989554,test,2025
1285519729512,test,2025
1285520031920,test,2025
1285520097405,test,2025
1285520168679,test,2025
1285520193781,test,2025
1285520193960,test,2025
1285520543281,test,2025
1285521717281,test,2025
1285522265362,test,2025
1285522346300,test,2025
1285522825655,test,2025
1285522965845,test,2025
1285522972122,test,2025
1285523032741,test,2025
1285523116847,test,2025
1285523103987,test,2025
1285524393551,test,2025
1285524451084,test,2025
1285524743154,test,2025
1285525033636,test,2025
1285525300415,test,2025
1285525341407,test,2025
1285525589853,test,2025
1285525603246,test,2025
1285525612272,test,2025
1285525613118,test,2025
1285525617117,test,2025
1285525679052,test,2025
1285525696762,test,2025
1285526923946,test,2025
1285527002645,test,2025
1285527173361,test,2025
1285528226501,test,2025
1285528277203,test,2025
1285528279982,test,2025
1285528289941,test,2025
1285528461251,test,2025
1285529060476,test,2025
1285529083641,test,2025
1285529208777,test,2025
1285529498617,test,2025
1285529766851,test,2025
1285529846453,test,2025
1285529885946,test,2025
1285530430189,test,2025
1285530493723,test,2025
1285530587545,test,2025
1285530949802,test,2025
1285531376371,test,2025
1285531563819,test,2025
1285531759436,test,2025
1285532033590,test,2025
1285532852185,test,2025
1285532854140,test,2025
1285532947882,test,2025
1285532987359,test,2025
1285533391265,test,2025
1285533434668,test,2025
1285533919733,test,2025
1285534224120,test,2025
1285534801688,test,2025
1285535289589,test,2025
1285535300707,test,2025
1285535424354,test,2025
1285535711172,test,2025
1285535711885,test,2025
1285535730374,test,2025
1285535771052,test,2025
1285535787830,test,2025
1285535797066,test,2025
1285536145905,test,2025
1285536643124,test,2025
1285536651381,test,2025
1285536684189,test,2025
1285536802765,test,2025
1285536985046,test,2025
1285537089764,test,2025
1285537181842,test,2025
1285537323680,test,2025
1285537328983,test,2025
1285537577639,test,2025
1285537720107,test,2025
1285538019063,test,2025
1285538254413,test,2025
1285538259364,test,2025
1285538297279,test,2025
1285538332153,test,2025
1285538339366,test,2025
1285538348291,test,2025
1285538350818,test,2025
1285538356353,test,2025
1285538805031,test,2025
1285539020224,test,2025
1285539576651,test,2025
1285540027853,test,2025
1285540290723,test,2025
1285540844991,test,2025
1285540983919,test,2025
1285541497471,test,2025
1285541709437,test,2025
1285541832729,test,2025
1285541771130,test,2025
1285542104058,test,2025
1285542193018,test,2025
1285542299173,test,2025
1285542591808,test,2025
1285542668293,test,2025
1285542887685,test,2025
1285543099344,test,2025
1285543101430,test,2025
1285543105801,test,2025
1285543119521,test,2025
1285543165834,test,2025
1285543202562,test,2025
1285543390329,test,2025
1285543601086,test,2025
1285544017338,test,2025
1285544027872,test,2025
1285544303382,test,2025
1285544337596,test,2025
1285544735064,test,2025
1285545222174,test,2025
1285545227261,test,2025
1285545235646,test,2025
1285545237450,test,2025
1285545256209,test,2025
1285545371826,test,2025
1285545558594,test,2025
1285545906364,test,2025
1285546459029,test,2025
1285546522444,test,2025
1285546531113,test,2025
1285546536538,test,2025
1285546762881,test,2025
1285546838322,test,2025
1285546846036,test,2025
1285546861724,test,2025
1285546870649,test,2025
1285546871640,test,2025
1285546886920,test,2025
1285546894099,test,2025
1285546933659,test,2025
1285547002020,test,2025
1285547007217,test,2025
1285547439212,test,2025
1285547529983,test,2025
1285547639083,test,2025
1285547910260,test,2025
1285547948848,test,2025
1285548165536,test,2025
1285548167774,test,2025
1285548452813,test,2025
1285548470107,test,2025
1285548518199,test,2025
1285548528349,test,2025
1285548543328,test,2025
1285548559152,test,2025
1285548764334,test,2025
1285548895708,test,2025
1285548907501,test,2025
1285548859356,test,2025
1285548937589,test,2025
1285549106765,test,2025
1285549138758,test,2025
1285549382247,test,2025
1285549676897,test,2025
1285549681902,test,2025
1285549691784,test,2025
1285549703774,test,2025
1285549757713,test,2025
1285549800696,test,2025
1285549836990,test,2025
1285549837605,test,2025
1285549922394,test,2025
1285549930219,test,2025
1285550411647,test,2025
1285550810000,test,2025
1285550874880,test,2025
1285551112510,test,2025
1285551115574,test,2025
1285551115828,test,2025
1285551119030,test,2025
1285551192846,test,2025
1285551198919,test,2025
1285551209047,test,2025
1285551222615,test,2025
1285551221844,test,2025
1285551223324,test,2025
1285551225810,test,2025
1285551578491,test,2025
1285551882724,test,2025
1285552046504,test,2025
1285552107983,test,2025
1285552553194,test,2025
1285552554954,test,2025
1285552706182,test,2025
1285552911089,test,2025
1285552923849,test,2025
1285553029556,test,2025
1285553189424,test,2025
1285553651376,test,2025
1285553693007,test,2025
1285554020870,test,2025
1285554187094,test,2025
1285554753888,test,2025
1285554776496,test,2025
1285554857951,test,2025
1285554889129,test,2025
1285554890854,test,2025
1285554901710,test,2025
1285554958103,test,2025
1285554986792,test,2025
1285555401295,test,2025
1285555464593,test,2025
1285555682483,test,2025
1285555926241,test,2025
1285556072946,test,2025
1285556340443,test,2025
1285556604909,test,2025
1285556930151,test,2025
1285556941768,test,2025
1285556973953,test,2025
1285557483065,test,2025
1285557830867,test,2025
1285558300895,test,2025
1285558347877,test,2025
1285558354777,test,2025
1285558831654,test,2025
1285558832359,test,2025
1285558850596,test,2025
1285558862443,test,2025
1285558892970,test,2025
1285558910775,test,2025
1285559208550,test,2025
1285559572172,test,2025
1285559627321,test,2025
1285559836037,test,2025
1285560516992,test,2025
1285560852399,test,2025
1285561139005,test,2025
1285561195215,test,2025
1285561380753,test,2025
1285561532916,test,2025
1285561603580,test,2025
1285561766716,test,2025
1285561784896,test,2025
1285561914648,test,2025
1285562456343,test,2025
1285563603941,test,2025
1285564029487,test,2025
1285564042152,test,2025
1285564155413,test,2025
1285564155740,test,2025
1285564193127,test,2025
1285564233176,test,2025
1285564591469,test,2025
1285564622566,test,2025
1285566032304,test,2025
1285566412211,test,2025
1285566922173,test,2025
1285567038248,test,2025
1285567195426,test,2025
1285567196420,test,2025
1285567214436,test,2025
1285567536840,test,2025
1285567748276,test,2025
1285568654096,test,2025
1285568802375,test,2025
1285568894181,test,2025
1285569740003,test,2025
1285570080389,test,2025
1285570084352,test,2025
1285570115875,test,2025
1285570138322,test,2025
1285570141284,test,2025
1285570207083,test,2025
1285570706607,test,2025
1285571423221,test,2025
1285571578914,test,2025
1285572036609,test,2025
1285572261181,test,2025
1285572359098,test,2025
1285572927752,test,2025
1285572982421,test,2025
1285572986041,test,2025
1285573873337,test,2025
1285574370451,test,2025
1285574456328,test,2025
1285574888154,test,2025
1285575414347,test,2025
1285575469966,test,2025
1285575566089,test,2025
1285575784667,test,2025
1285575973346,test,2025
1285576654919,test,2025
1285577438856,test,2025
1285577953903,test,2025
1285577951824,test,2025
1285577994874,test,2025
1285578032079,test,2025
1285578036192,test,2025
1285578041248,test,2025
1285578423034,test,2025
1285578554289,test,2025
1285578683972,test,2025
1285579020432,test,2025
1285579259041,test,2025
1285579404935,test,2025
1285580139282,test,2025
1285580241967,test,2025
1285580311993,test,2025
1285580385433,test,2025
1285580404633,test,2025
1285581185638,test,2025
1285581230724,test,2025
1285582591745,test,2025
1285582600884,test,2025
1285582720361,test,2025
1285583121061,test,2025
1285583522864,test,2025
1285583564673,test,2025
1285583696669,test,2025
1285583848743,test,2025
1285584260131,test,2025
1285584284976,test,2025
1285584767030,test,2025
1285584819009,test,2025
1285584825586,test,2025
1285584832507,test,2025
1285584838902,test,2025
1285584869140,test,2025
1285584873541,test,2025
1285584882579,test,2025
1285584956640,test,2025
1285585507132,test,2025
1285585729840,test,2025
1285585751305,test,2025
1285586937689,test,2025
1285587350208,test,2025
1285587624776,test,2025
1285587635942,test,2025
1285587672103,test,2025
1285587702302,test,2025
1285587971960,test,2025
1285588012774,test,2025
1285588125711,test,2025
1285588979975,test,2025
1285589450917,test,2025
1285589601426,test,2025
1285590243395,test,2025
1285590284160,test,2025
1285590612001,test,2025
1285590587294,test,2025
1285590773296,test,2025
1285590781798,test,2025
1285591480703,test,2025
1285591914978,test,2025
1285591923662,test,2025
1285591975326,test,2025
1285592094916,test,2025
1285592414197,test,2025
1285592416135,test,2025
1285592620735,test,2025
1285592772192,test,2025
1285592856251,test,2025
1285592857970,test,2025
1285592862462,test,2025
1285593204242,test,2025
1285593204404,test,2025
1285593211961,test,2025
1285593213705,test,2025
1285593262574,test,2025
1285593266419,test,2025
1285593270798,test,2025
1285594069555,test,2025
1285594073945,test,2025
1285594093364,test,2025
1285522758405,test_reserve,2025
1285515265861,test_reserve,2025
1285564112711,test_reserve,2025
1285575925244,test_reserve,2025
1285540857800,test_reserve,2025
1285423148254,test_reserve,2024
1285382450343,test_reserve,2024
1285475701514,test_reserve,2025
1285505742204,test_reserve,2025
1285374906567,test_reserve,2024
1285454890905,test_reserve,2024
1285469891894,test_reserve,2024
1285538303977,test_reserve,2025
1285529034075,test_reserve,2025
1285385870713,test_reserve,2024
1285504083711,test_reserve,2025
1285391077221,test_reserve,2024
1285579390359,test_reserve,2025
1285535776397,test_reserve,2025
1285551461119,test_reserve,2025
1285520240732,test_reserve,2025
1285540331143,test_reserve,2025
1285393699778,test_reserve,2024
1285500881247,test_reserve,2025
1285509265920,test_reserve,2025
1285399669132,test_reserve,2024
1285356210057,test_reserve,2024
1285466355506,test_reserve,2024
1285427579631,test_reserve,2024
